raw,baseline,delta,current
1783834470300,1783834470300,0.0,1.74
1783834470300,1783834470300,0.0,4.74
1783834470300,1783834470300,0.0,5.27
1783834470300,1783834470300,0.0,1.67
1783834470300,1783834470300,0.0,2.56
1783834470300,1783834470300,0.0,6.07
1783834470300,1783834470300,0.0,0.73
1783834470300,1783834470300,0.0,6.23
1783834470300,1783834470300,0.0,6.2
1783834470300,1783834470300,0.0,2.26
1783834470300,1783834470300,0.0,3.62
1783834470300,1783834470300,0.0,0.81
1783834470300,1783834470300,0.0,5.07
1783834470300,1783834470300,0.0,6.93
1783834470300,1783834470300,0.0,3.01
1783834470300,1783834470300,0.0,5.38
1783834470300,1783834470300,0.0,2.32
1783834470300,1783834470300,0.0,6.75
1783834470300,1783834470300,0.0,5.32
1783834470300,1783834470300,0.0,3.89
1783834470300,1783834470300,0.0,5.21
1783834470300,1783834470300,0.0,5.99
1783834470300,1783834470300,0.0,5.62
1783834470300,1783834470300,0.0,5.21
1783834470300,1783834470300,0.0,1.81
1783834470300,1783834470300,0.0,6.55
1783834470300,1783834470300,0.0,6.19
1783834470300,1783834470300,0.0,7.05
1783834470300,1783834470300,0.0,0.66
1783834470300,1783834470300,0.0,5.74
1783834470300,1783834470300,0.0,5.44
1783834470300,1783834470300,0.0,5.71
1783834470300,1783834470300,0.0,2.67
1783834470300,1783834470300,0.0,6.79
1783834470300,1783834470300,0.0,0.63
1783834470300,1783834470300,0.0,3.87
1783834470300,1783834470300,0.0,0.58
1783834470300,1783834470300,0.0,5.99
1783834470300,1783834470300,0.0,7.02
1783834470300,1783834470300,0.0,1.22
1783834470300,1783834470300,0.0,5.54
1783834470300,1783834470300,0.0,4.71
1783834470300,1783834470300,0.0,5.64
1783834470300,1783834470300,0.0,5.86
1783834470300,1783834470300,0.0,6.15
1783834470300,1783834470300,0.0,4.6
1783834470300,1783834470300,0.0,6.4
1783834470300,1783834470300,0.0,0.72
1783834470300,1783834470300,0.0,5.92
1783834470300,1783834470300,0.0,5.05
1783834470300,1783834470300,0.0,1.46
1783834470300,1783834470300,0.0,5.01
1783834470300,1783834470300,0.0,3.28
1783834470300,1783834470300,0.0,0.93
1783834470300,1783834470300,0.0,5.74
1783834470300,1783834470300,0.0,6.15
1783834470300,1783834470300,0.0,1.19
1783834470300,1783834470300,0.0,4.25
1783834470300,1783834470300,0.0,5.68
1783834470300,1783834470300,0.0,4.95
1783834470300,1783834470300,0.0,0.28
1783834470300,1783834470300,0.0,6.29
1783834470300,1783834470300,0.0,0.69
1783834470300,1783834470300,0.0,5.72
1783834470300,1783834470300,0.0,4.83
1783834470300,1783834470300,0.0,1.86
1783834470300,1783834470300,0.0,4.27
1783834470300,1783834470300,0.0,5.41
1783834470300,1783834470300,0.0,2.31
1783834470300,1783834470300,0.0,5.02
1783834470300,1783834470300,0.0,3.01
1783834470300,1783834470300,0.0,2.18
1783834470300,1783834470300,0.0,5.58
1783834470300,1783834470300,0.0,4.84
1783834470300,1783834470300,0.0,1.28
1783834470300,1783834470300,0.0,6.2
1783834470300,1783834470300,0.0,0.14
1783834470300,1783834470300,0.0,6.17
1783834470300,1783834470300,0.0,7.22
1783834470300,1783834470300,0.0,1.55
1783834470300,1783834470300,0.0,5.01
1783834470300,1783834470300,0.0,5.41
1783834470300,1783834470300,0.0,1.22
1783834470300,1783834470300,0.0,5.89
1783834470300,1783834470300,0.0,0.4
1783834470300,1783834470300,0.0,4.62
1783834470300,1783834470300,0.0,5.12
1783834470300,1783834470300,0.0,1.86
1783834470300,1783834470300,0.0,2.95
1783834470300,1783834470300,0.0,2.71
1783834470300,1783834470300,0.0,4.5
1783834470300,1783834470300,0.0,1.25
1783834470300,1783834470300,0.0,6.27
1783834470300,1783834470300,0.0,6.71
1783834470300,1783834470300,0.0,0.83
1783834470300,1783834470300,0.0,5.88
1783834470300,1783834470300,0.0,5.5
1783834470300,1783834470300,0.0,1.86
1783834470300,1783834470300,0.0,2.53
1783834470300,1783834470300,0.0,2.53
1783834470300,1783834470300,0.0,1.84
1783834470300,1783834470300,0.0,6.15
1783834470300,1783834470300,0.0,6.29
1783834470300,1783834470300,0.0,5.81
1783834470300,1783834470300,0.0,0.62
1783834470300,1783834470300,0.0,3.43
1783834470300,1783834470300,0.0,5.39
1783834470300,1783834470300,0.0,5.33
1783834470300,1783834470300,0.0,0.97
1783834470300,1783834470300,0.0,4.86
1783834470300,1783834470300,0.0,0.95
1783834470300,1783834470300,0.0,0.96
1783834470300,1783834470300,0.0,5.74
1783834470300,1783834470300,0.0,3.15
1783834470300,1783834470300,0.0,5.55
1783834470300,1783834470300,0.0,3.01
1783834470300,1783834470300,0.0,5.3
1783834470300,1783834470300,0.0,5.58
1783834470300,1783834470300,0.0,1.89
1783834470300,1783834470300,0.0,5.96
1783834470300,1783834470300,0.0,0.94
1783834470300,1783834470300,0.0,6.37
1783834470300,1783834470300,0.0,7.04
1783834470300,1783834470300,0.0,0.44
1783834470300,1783834470300,0.0,4.95
1783834470300,1783834470300,0.0,5.04
1783834470300,1783834470300,0.0,4.74
1783834470300,1783834470300,0.0,4.5
1783834473459,1783834473459,0.0,6.57
1783834473459,1783834473459,0.0,0.69
1783834473459,1783834473459,0.0,6.25
1783834473459,1783834473459,0.0,6.48
1783834473459,1783834473459,0.0,1.99
1783834473459,1783834473459,0.0,4.8
1783834473459,1783834473459,0.0,6.34
1783834473459,1783834473459,0.0,0.82
1783834473459,1783834473459,0.0,6.02
1783834473459,1783834473459,0.0,6.65
1783834473459,1783834473459,0.0,0.48
1783834473459,1783834473459,0.0,4.7
1783834473459,1783834473459,0.0,4.98
1783834473459,1783834473459,0.0,2.46
1783834473459,1783834473459,0.0,2.22
1783834473459,1783834473459,0.0,6.24
1783834473459,1783834473459,0.0,7.36
1783834473459,1783834473459,0.0,0.85
1783834473459,1783834473459,0.0,7.12
1783834473459,1783834473459,0.0,0.46
1783834473459,1783834473459,0.0,3.29
1783834473459,1783834473459,0.0,0.56
1783834473459,1783834473459,0.0,5.96
1783834473459,1783834473459,0.0,0.62
1783834473459,1783834473459,0.0,6.09
1783834473459,1783834473459,0.0,3.09
1783834473459,1783834473459,0.0,1.28
1783834473459,1783834473459,0.0,2.84
1783834473459,1783834473459,0.0,5.94
1783834473459,1783834473459,0.0,6.2
1783834473459,1783834473459,0.0,0.47
1783834473459,1783834473459,0.0,5.32
1783834473459,1783834473459,0.0,4.99
1783834473459,1783834473459,0.0,5.96
1783834473459,1783834473459,0.0,7.45
1783834473459,1783834473459,0.0,1.16
1783834473459,1783834473459,0.0,4.88
1783834473459,1783834473459,0.0,1.04
1783834473459,1783834473459,0.0,4.07
1783834473459,1783834473459,0.0,5.75
1783834473459,1783834473459,0.0,5.61
1783834473459,1783834473459,0.0,0.2
1783834473459,1783834473459,0.0,6.11
1783834473459,1783834473459,0.0,5.46
1783834473459,1783834473459,0.0,2.33
1783834473459,1783834473459,0.0,1.18
1783834473459,1783834473459,0.0,5.03
1783834473459,1783834473459,0.0,4.83
1783834473459,1783834473459,0.0,1.66
1783834473459,1783834473459,0.0,5.46
1783834473459,1783834473459,0.0,6.06
1783834473459,1783834473459,0.0,6.45
1783834473459,1783834473459,0.0,5.56
1783834473459,1783834473459,0.0,4.53
1783834473459,1783834473459,0.0,6.23
1783834473459,1783834473459,0.0,0.36
1783834473459,1783834473459,0.0,5.71
1783834473459,1783834473459,0.0,5.28
1783834473459,1783834473459,0.0,-0.01
1783834473459,1783834473459,0.0,1.64
1783834473459,1783834473459,0.0,5.32
1783834473459,1783834473459,0.0,0.62
1783834473459,1783834473459,0.0,6.6
1783834473459,1783834473459,0.0,0.36
1783834473459,1783834473459,0.0,3.02
1783834473459,1783834473459,0.0,0.63
1783834473459,1783834473459,0.0,5.86
1783834473459,1783834473459,0.0,6.57
1783834473459,1783834473459,0.0,5.18
1783834473459,1783834473459,0.0,3.28
1783834473459,1783834473459,0.0,5.26
1783834473459,1783834473459,0.0,4.76
1783834473459,1783834473459,0.0,0.92
1783834473459,1783834473459,0.0,6.26
1783834473459,1783834473459,0.0,0.02
1783834473459,1783834473459,0.0,0.61
1783834473459,1783834473459,0.0,3.35
1783834473459,1783834473459,0.0,5.54
1783834473459,1783834473459,0.0,5.84
1783834473459,1783834473459,0.0,0.46
1783834473459,1783834473459,0.0,6.0
1783834473459,1783834473459,0.0,3.77
1783834473459,1783834473459,0.0,1.55
1783834473459,1783834473459,0.0,1.06
1783834473459,1783834473459,0.0,5.18
1783834473459,1783834473459,0.0,2.52
1783834473459,1783834473459,0.0,3.15
1783834473459,1783834473459,0.0,2.02
1783834473459,1783834473459,0.0,5.9
1783834473459,1783834473459,0.0,6.73
1783834473459,1783834473459,0.0,0.13
1783834473459,1783834473459,0.0,4.15
1783834473459,1783834473459,0.0,0.2
1783834473459,1783834473459,0.0,5.73
1783834473459,1783834473459,0.0,1.95
1783834473459,1783834473459,0.0,5.87
1783834473459,1783834473459,0.0,7.11
1783834473459,1783834473459,0.0,1.24
1783834473459,1783834473459,0.0,3.3
1783834473459,1783834473459,0.0,0.88
1783834473459,1783834473459,0.0,3.5
1783834473459,1783834473459,0.0,0.73
1783834473459,1783834473459,0.0,6.29
1783834473459,1783834473459,0.0,3.43
1783834473459,1783834473459,0.0,5.94
1783834473459,1783834473459,0.0,6.37
1783834473459,1783834473459,0.0,0.06
1783834473459,1783834473459,0.0,5.71
1783834473459,1783834473459,0.0,5.04
1783834473459,1783834473459,0.0,3.56
1783834473459,1783834473459,0.0,2.13
1783834473459,1783834473459,0.0,6.04
1783834473459,1783834473459,0.0,6.06
1783834473459,1783834473459,0.0,1.28
1783834473459,1783834473459,0.0,4.41
1783834473459,1783834473459,0.0,1.14
1783834473459,1783834473459,0.0,1.08
1783834473459,1783834473459,0.0,5.3
1783834473459,1783834473459,0.0,2.42
1783834473459,1783834473459,0.0,1.03
1783834473459,1783834473459,0.0,6.35
1783834473459,1783834473459,0.0,5.78
1783834473459,1783834473459,0.0,0.88
1783834473459,1783834473459,0.0,5.21
1783834473459,1783834473459,0.0,0.09
1783834473459,1783834473459,0.0,6.08
1783834473459,1783834473459,0.0,5.31
1783834473459,1783834473459,0.0,5.67
1783834478665,1783834478665,0.0,6.01
1783834478665,1783834478665,0.0,0.64
1783834478665,1783834478665,0.0,2.92
1783834478665,1783834478665,0.0,5.29
1783834478665,1783834478665,0.0,6.14
1783834478665,1783834478665,0.0,0.55
1783834478665,1783834478665,0.0,5.49
1783834478665,1783834478665,0.0,5.54
1783834478665,1783834478665,0.0,4.33
1783834478665,1783834478665,0.0,5.03
1783834478665,1783834478665,0.0,0.87
1783834478665,1783834478665,0.0,1.35
1783834478665,1783834478665,0.0,5.79
1783834478665,1783834478665,0.0,1.29
1783834478665,1783834478665,0.0,6.47
1783834478665,1783834478665,0.0,6.08
1783834478665,1783834478665,0.0,6.14
1783834478665,1783834478665,0.0,5.41
1783834478665,1783834478665,0.0,2.17
1783834478665,1783834478665,0.0,1.65
1783834478665,1783834478665,0.0,4.94
1783834478665,1783834478665,0.0,5.75
1783834478665,1783834478665,0.0,1.41
1783834478665,1783834478665,0.0,3.39
1783834478665,1783834478665,0.0,6.33
1783834478665,1783834478665,0.0,6.81
1783834478665,1783834478665,0.0,0.6
1783834478665,1783834478665,0.0,5.77
1783834478665,1783834478665,0.0,1.65
1783834478665,1783834478665,0.0,1.79
1783834478665,1783834478665,0.0,6.17
1783834478665,1783834478665,0.0,5.23
1783834478665,1783834478665,0.0,1.22
1783834478665,1783834478665,0.0,6.12
1783834478665,1783834478665,0.0,0.85
1783834478665,1783834478665,0.0,6.17
1783834478665,1783834478665,0.0,5.55
1783834478665,1783834478665,0.0,1.53
1783834478665,1783834478665,0.0,5.22
1783834478665,1783834478665,0.0,4.58
1783834478665,1783834478665,0.0,5.02
1783834478665,1783834478665,0.0,5.13
1783834478665,1783834478665,0.0,4.41
1783834478665,1783834478665,0.0,0.98
1783834478665,1783834478665,0.0,0.85
1783834478665,1783834478665,0.0,4.57
1783834478665,1783834478665,0.0,1.43
1783834478665,1783834478665,0.0,4.15
1783834478665,1783834478665,0.0,1.03
1783834478665,1783834478665,0.0,0.88
1783834478665,1783834478665,0.0,5.06
1783834478665,1783834478665,0.0,0.53
1783834478665,1783834478665,0.0,4.06
1783834478665,1783834478665,0.0,5.24
1783834478665,1783834478665,0.0,5.48
1783834478665,1783834478665,0.0,7.2
1783834478665,1783834478665,0.0,1.22
1783834478665,1783834478665,0.0,3.73
1783834478665,1783834478665,0.0,5.76
1783834478665,1783834478665,0.0,6.48
1783834478665,1783834478665,0.0,0.77
1783834478665,1783834478665,0.0,7.18
1783834478665,1783834478665,0.0,5.47
1783834478665,1783834478665,0.0,4.11
1783834478665,1783834478665,0.0,0.22
1783834478665,1783834478665,0.0,6.66
1783834478665,1783834478665,0.0,0.24
1783834478665,1783834478665,0.0,5.0
1783834478665,1783834478665,0.0,5.13
1783834478665,1783834478665,0.0,4.57
1783834478665,1783834478665,0.0,7.45
1783834478665,1783834478665,0.0,0.81
1783834478665,1783834478665,0.0,5.44
1783834478665,1783834478665,0.0,0.53
1783834478665,1783834478665,0.0,4.47
1783834478665,1783834478665,0.0,5.24
1783834478665,1783834478665,0.0,4.67
1783834478665,1783834478665,0.0,0.75
1783834478665,1783834478665,0.0,1.57
1783834478665,1783834478665,0.0,6.86
1783834478665,1783834478665,0.0,1.61
1783834478665,1783834478665,0.0,5.56
1783834478665,1783834478665,0.0,5.33
1783834478665,1783834478665,0.0,5.91
1783834478665,1783834478665,0.0,5.79
1783834478665,1783834478665,0.0,0.09
1783834478665,1783834478665,0.0,6.1
1783834478665,1783834478665,0.0,5.94
1783834478665,1783834478665,0.0,5.34
1783834478665,1783834478665,0.0,6.08
1783834478665,1783834478665,0.0,6.92
1783834478665,1783834478665,0.0,5.13
1783834478665,1783834478665,0.0,4.2
1783834478665,1783834478665,0.0,0.81
1783834478665,1783834478665,0.0,5.8
1783834478665,1783834478665,0.0,0.73
1783834478665,1783834478665,0.0,6.37
1783834478665,1783834478665,0.0,5.91
1783834478665,1783834478665,0.0,1.14
1783834478665,1783834478665,0.0,5.27
1783834478665,1783834478665,0.0,0.07
1783834478665,1783834478665,0.0,6.09
1783834478665,1783834478665,0.0,5.46
1783834478665,1783834478665,0.0,5.26
1783834478665,1783834478665,0.0,6.25
1783834478665,1783834478665,0.0,0.62
1783834478665,1783834478665,0.0,5.01
1783834478665,1783834478665,0.0,5.37
1783834478665,1783834478665,0.0,2.57
1783834478665,1783834478665,0.0,5.48
1783834478665,1783834478665,0.0,3.78
1783834478665,1783834478665,0.0,0.44
1783834478665,1783834478665,0.0,0.46
1783834478665,1783834478665,0.0,3.23
1783834478665,1783834478665,0.0,0.34
1783834478665,1783834478665,0.0,6.01
1783834478665,1783834478665,0.0,0.67
1783834478665,1783834478665,0.0,5.91
1783834478665,1783834478665,0.0,6.09
1783834478665,1783834478665,0.0,2.06
1783834478665,1783834478665,0.0,5.02
1783834478665,1783834478665,0.0,0.59
1783834478665,1783834478665,0.0,1.61
1783834478665,1783834478665,0.0,5.57
1783834478665,1783834478665,0.0,1.32
1783834478665,1783834478665,0.0,1.55
1783834478665,1783834478665,0.0,5.91
1783834478665,1783834478665,0.0,7.61
1783834483372,1783834483372,0.0,6.23
1783834483372,1783834483372,0.0,7.05
1783834483372,1783834483372,0.0,0.66
1783834483372,1783834483372,0.0,4.19
1783834483372,1783834483372,0.0,1.2
1783834483372,1783834483372,0.0,2.78
1783834483372,1783834483372,0.0,3.55
1783834483372,1783834483372,0.0,5.95
1783834483372,1783834483372,0.0,4.18
1783834483372,1783834483372,0.0,-0.05
1783834483372,1783834483372,0.0,-0.02
1783834483372,1783834483372,0.0,-0.04
1783834483372,1783834483372,0.0,0.0
1783834483372,1783834483372,0.0,-0.01
1783834483372,1783834483372,0.0,-0.01
1783834483372,1783834483372,0.0,-0.04
1783834483372,1783834483372,0.0,-0.04
1783834483372,1783834483372,0.0,0.0
1783834483372,1783834483372,0.0,-0.04
1783834483372,1783834483372,0.0,-0.02
1783834483372,1783834483372,0.0,-0.02
1783834483372,1783834483372,0.0,-0.02
1783834483372,1783834483372,0.0,-0.02
1783834483372,1783834483372,0.0,-0.01
1783834483372,1783834483372,0.0,-0.01
1783834483372,1783834483372,0.0,-0.03
1783834483372,1783834483372,0.0,-0.04
1783834483372,1783834483372,0.0,-0.03
1783834483372,1783834483372,0.0,-0.01
1783834483372,1783834483372,0.0,-0.01
1783834483372,1783834483372,0.0,-0.02
1783834483372,1783834483372,0.0,-0.04
1783834483372,1783834483372,0.0,0.01
1783834483372,1783834483372,0.0,0.0
1783834483372,1783834483372,0.0,-0.03
1783834483372,1783834483372,0.0,33.3
1783834483372,1783834483372,0.0,15.18
1783834483372,1783834483372,0.0,11.9
1783834483372,1783834483372,0.0,11.01
1783834483372,1783834483372,0.0,7.02
1783834483372,1783834483372,0.0,6.56
1783834483372,1783834483372,0.0,5.4
1783834483372,1783834483372,0.0,2.09
1783834483372,1783834483372,0.0,3.66
1783834483372,1783834483372,0.0,0.64
1783834483372,1783834483372,0.0,4.56
1783834483372,1783834483372,0.0,5.2
1783834483372,1783834483372,0.0,1.32
1783834483372,1783834483372,0.0,-0.02
1783834483372,1783834483372,0.0,-0.02
1783834483372,1783834483372,0.0,0.0
1783834483372,1783834483372,0.0,-0.03
1783834483372,1783834483372,0.0,-0.02
1783834483372,1783834483372,0.0,-0.02
1783834483372,1783834483372,0.0,-0.04
1783834483372,1783834483372,0.0,-0.01
1783834483372,1783834483372,0.0,-0.01
1783834483372,1783834483372,0.0,-0.01
1783834483372,1783834483372,0.0,-0.03
1783834483372,1783834483372,0.0,26.01
1783834483372,1783834483372,0.0,9.2
1783834483372,1783834483372,0.0,11.26
1783834483372,1783834483372,0.0,3.06
1783834483372,1783834483372,0.0,2.31
1783834483372,1783834483372,0.0,1.73
1783834483372,1783834483372,0.0,4.91
1783834483372,1783834483372,0.0,5.48
1783834483372,1783834483372,0.0,0.01
1783834483372,1783834483372,0.0,-0.01
1783834483372,1783834483372,0.0,-0.02
1783834483372,1783834483372,0.0,-0.03
1783834483372,1783834483372,0.0,-0.05
1783834483372,1783834483372,0.0,-0.01
1783834483372,1783834483372,0.0,-0.02
1783834483372,1783834483372,0.0,-0.02
1783834483372,1783834483372,0.0,-0.05
1783834483372,1783834483372,0.0,0.01
1783834483372,1783834483372,0.0,-0.03
1783834483372,1783834483372,0.0,0.0
1783834483372,1783834483372,0.0,23.33
1783834483372,1783834483372,0.0,10.84
1783834483372,1783834483372,0.0,4.91
1783834483372,1783834483372,0.0,9.29
1783834483372,1783834483372,0.0,7.38
1783834483372,1783834483372,0.0,0.6
1783834483372,1783834483372,0.0,7.18
1783834483372,1783834483372,0.0,5.64
1783834483372,1783834483372,0.0,5.44
1783834483372,1783834483372,0.0,5.35
1783834483372,1783834483372,0.0,-0.04
1783834483372,1783834483372,0.0,-0.01
1783834483372,1783834483372,0.0,-0.01
1783834483372,1783834483372,0.0,-0.01
1783834483372,1783834483372,0.0,-0.03
1783834483372,1783834483372,0.0,-0.03
1783834483372,1783834483372,0.0,0.01
1783834483372,1783834483372,0.0,0.03
1783834483372,1783834483372,0.0,0.02
1783834483372,1783834483372,0.0,0.02
1783834483372,1783834483372,0.0,-0.01
1783834483372,1783834483372,0.0,-0.02
1783834483372,1783834483372,0.0,22.92
1783834483372,1783834483372,0.0,12.35
1783834483372,1783834483372,0.0,10.26
1783834483372,1783834483372,0.0,3.37
1783834483372,1783834483372,0.0,6.24
1783834483372,1783834483372,0.0,7.26
1783834483372,1783834483372,0.0,1.18
1783834483372,1783834483372,0.0,0.68
1783834483372,1783834483372,0.0,3.63
1783834483372,1783834483372,0.0,0.53
1783834483372,1783834483372,0.0,5.29
1783834483372,1783834483372,0.0,-0.02
1783834483372,1783834483372,0.0,-0.02
1783834483372,1783834483372,0.0,-0.02
1783834483372,1783834483372,0.0,-0.02
1783834483372,1783834483372,0.0,-0.03
1783834483372,1783834483372,0.0,0.0
1783834483372,1783834483372,0.0,-0.01
1783834483372,1783834483372,0.0,-0.05
1783834483372,1783834483372,0.0,14.72
1783834483372,1783834483372,0.0,10.36
1783834483372,1783834483372,0.0,4.62
1783834483372,1783834483372,0.0,6.89
1783834483372,1783834483372,0.0,4.45
1783834483372,1783834483372,0.0,1.99
1783834483372,1783834483372,0.0,2.86
1783834483372,1783834483372,0.0,1.04
1783834487260,1783834487260,0.0,4.06
1783834487260,1783834487260,0.0,5.11
1783834487260,1783834487260,0.0,2.36
1783834487260,1783834487260,0.0,5.39
1783834487260,1783834487260,0.0,1.76
1783834487260,1783834487260,0.0,3.8
1783834487260,1783834487260,0.0,5.45
1783834487260,1783834487260,0.0,3.35
1783834487260,1783834487260,0.0,1.16
1783834487260,1783834487260,0.0,2.58
1783834487260,1783834487260,0.0,2.61
1783834487260,1783834487260,0.0,5.42
1783834487260,1783834487260,0.0,6.26
1783834487260,1783834487260,0.0,7.5
1783834487260,1783834487260,0.0,4.81
1783834487260,1783834487260,0.0,6.38
1783834487260,1783834487260,0.0,5.99
1783834487260,1783834487260,0.0,5.3
1783834487260,1783834487260,0.0,2.81
1783834487260,1783834487260,0.0,5.1
1783834487260,1783834487260,0.0,2.42
1783834487260,1783834487260,0.0,2.59
1783834487260,1783834487260,0.0,5.51
1783834487260,1783834487260,0.0,4.66
1783834487260,1783834487260,0.0,1.76
1783834487260,1783834487260,0.0,5.9
1783834487260,1783834487260,0.0,1.12
1783834487260,1783834487260,0.0,2.26
1783834487260,1783834487260,0.0,4.47
1783834487260,1783834487260,0.0,1.55
1783834487260,1783834487260,0.0,2.13
1783834487260,1783834487260,0.0,1.81
1783834487260,1783834487260,0.0,5.54
1783834487260,1783834487260,0.0,5.41
1783834487260,1783834487260,0.0,3.55
1783834487260,1783834487260,0.0,4.78
1783834487260,1783834487260,0.0,7.47
1783834487260,1783834487260,0.0,1.4
1783834487260,1783834487260,0.0,-0.01
1783834487260,1783834487260,0.0,-0.01
1783834487260,1783834487260,0.0,-0.01
1783834487260,1783834487260,0.0,0.0
1783834487260,1783834487260,0.0,-0.01
1783834487260,1783834487260,0.0,-0.04
1783834487260,1783834487260,0.0,0.0
1783834487260,1783834487260,0.0,-0.03
1783834487260,1783834487260,0.0,-0.03
1783834487260,1783834487260,0.0,-0.02
1783834487260,1783834487260,0.0,-0.02
1783834487260,1783834487260,0.0,-0.02
1783834487260,1783834487260,0.0,-0.02
1783834487260,1783834487260,0.0,18.88
1783834487260,1783834487260,0.0,10.52
1783834487260,1783834487260,0.0,10.02
1783834487260,1783834487260,0.0,4.41
1783834487260,1783834487260,0.0,6.46
1783834487260,1783834487260,0.0,5.92
1783834487260,1783834487260,0.0,6.08
1783834487260,1783834487260,0.0,1.0
1783834487260,1783834487260,0.0,6.34
1783834487260,1783834487260,0.0,-0.04
1783834487260,1783834487260,0.0,-0.02
1783834487260,1783834487260,0.0,-0.01
1783834487260,1783834487260,0.0,-0.01
1783834487260,1783834487260,0.0,10.53
1783834487260,1783834487260,0.0,7.66
1783834487260,1783834487260,0.0,5.91
1783834487260,1783834487260,0.0,6.42
1783834487260,1783834487260,0.0,7.38
1783834487260,1783834487260,0.0,1.96
1783834487260,1783834487260,0.0,1.9
1783834487260,1783834487260,0.0,6.47
1783834487260,1783834487260,0.0,7.17
1783834487260,1783834487260,0.0,5.37
1783834487260,1783834487260,0.0,1.27
1783834487260,1783834487260,0.0,2.74
1783834487260,1783834487260,0.0,5.29
1783834487260,1783834487260,0.0,5.09
1783834487260,1783834487260,0.0,1.1
1783834487260,1783834487260,0.0,5.18
1783834487260,1783834487260,0.0,4.38
1783834487260,1783834487260,0.0,-0.03
1783834487260,1783834487260,0.0,-0.03
1783834487260,1783834487260,0.0,-0.03
1783834487260,1783834487260,0.0,11.65
1783834487260,1783834487260,0.0,2.69
1783834487260,1783834487260,0.0,1.59
1783834487260,1783834487260,0.0,6.5
1783834487260,1783834487260,0.0,1.08
1783834487260,1783834487260,0.0,4.88
1783834487260,1783834487260,0.0,5.53
1783834487260,1783834487260,0.0,5.72
1783834487260,1783834487260,0.0,0.89
1783834487260,1783834487260,0.0,4.41
1783834487260,1783834487260,0.0,2.0
1783834487260,1783834487260,0.0,6.07
1783834487260,1783834487260,0.0,6.35
1783834487260,1783834487260,0.0,6.84
1783834487260,1783834487260,0.0,-0.13
1783834487260,1783834487260,0.0,6.29
1783834487260,1783834487260,0.0,1.1
1783834487260,1783834487260,0.0,5.55
1783834487260,1783834487260,0.0,4.84
1783834487260,1783834487260,0.0,1.03
1783834487260,1783834487260,0.0,3.79
1783834487260,1783834487260,0.0,5.74
1783834487260,1783834487260,0.0,7.24
1783834487260,1783834487260,0.0,0.97
1783834487260,1783834487260,0.0,6.12
1783834487260,1783834487260,0.0,5.91
1783834487260,1783834487260,0.0,0.87
1783834487260,1783834487260,0.0,3.21
1783834487260,1783834487260,0.0,1.21
1783834487260,1783834487260,0.0,5.82
1783834487260,1783834487260,0.0,6.56
1783834487260,1783834487260,0.0,0.32
1783834487260,1783834487260,0.0,6.32
1783834487260,1783834487260,0.0,7.35
1783834487260,1783834487260,0.0,1.16
1783834487260,1783834487260,0.0,1.96
1783834487260,1783834487260,0.0,6.11
1783834487260,1783834487260,0.0,1.25
1783834487260,1783834487260,0.0,0.86
1783834487260,1783834487260,0.0,6.44
1783834487260,1783834487260,0.0,0.15
1783834487260,1783834487260,0.0,5.7
1783834487260,1783834487260,0.0,7.37
1783834487260,1783834487260,0.0,0.86
1783834496459,1783834496459,0.0,3.52
1783834496459,1783834496459,0.0,1.49
1783834496459,1783834496459,0.0,5.71
1783834496459,1783834496459,0.0,6.14
1783834496459,1783834496459,0.0,0.37
1783834496459,1783834496459,0.0,5.62
1783834496459,1783834496459,0.0,0.96
1783834496459,1783834496459,0.0,6.28
1783834496459,1783834496459,0.0,2.29
1783834496459,1783834496459,0.0,3.0
1783834496459,1783834496459,0.0,0.85
1783834496459,1783834496459,0.0,4.73
1783834496459,1783834496459,0.0,7.13
1783834496459,1783834496459,0.0,0.23
1783834496459,1783834496459,0.0,-0.04
1783834496459,1783834496459,0.0,-0.03
1783834496459,1783834496459,0.0,-0.02
1783834496459,1783834496459,0.0,-0.02
1783834496459,1783834496459,0.0,-0.05
1783834496459,1783834496459,0.0,-0.02
1783834496459,1783834496459,0.0,-0.04
1783834496459,1783834496459,0.0,16.19
1783834496459,1783834496459,0.0,8.4
1783834496459,1783834496459,0.0,4.03
1783834496459,1783834496459,0.0,2.47
1783834496459,1783834496459,0.0,1.83
1783834496459,1783834496459,0.0,7.24
1783834496459,1783834496459,0.0,1.64
1783834496459,1783834496459,0.0,4.26
1783834496459,1783834496459,0.0,5.15
1783834496459,1783834496459,0.0,3.39
1783834496459,1783834496459,0.0,5.21
1783834496459,1783834496459,0.0,2.81
1783834496459,1783834496459,0.0,2.35
1783834496459,1783834496459,0.0,0.26
1783834496459,1783834496459,0.0,4.32
1783834496459,1783834496459,0.0,0.98
1783834496459,1783834496459,0.0,0.95
1783834496459,1783834496459,0.0,5.6
1783834496459,1783834496459,0.0,-0.03
1783834496459,1783834496459,0.0,-0.04
1783834496459,1783834496459,0.0,-0.03
1783834496459,1783834496459,0.0,0.0
1783834496459,1783834496459,0.0,-0.02
1783834496459,1783834496459,0.0,-0.03
1783834496459,1783834496459,0.0,8.41
1783834496459,1783834496459,0.0,3.49
1783834496459,1783834496459,0.0,6.83
1783834496459,1783834496459,0.0,6.7
1783834496459,1783834496459,0.0,1.46
1783834496459,1783834496459,0.0,5.1
1783834496459,1783834496459,0.0,4.29
1783834496459,1783834496459,0.0,5.13
1783834496459,1783834496459,0.0,5.77
1783834496459,1783834496459,0.0,6.24
1783834496459,1783834496459,0.0,5.16
1783834496459,1783834496459,0.0,1.52
1783834496459,1783834496459,0.0,3.75
1783834496459,1783834496459,0.0,0.83
1783834496459,1783834496459,0.0,3.86
1783834496459,1783834496459,0.0,-0.06
1783834496459,1783834496459,0.0,-0.01
1783834496459,1783834496459,0.0,0.0
1783834496459,1783834496459,0.0,-0.02
1783834496459,1783834496459,0.0,-0.04
1783834496459,1783834496459,0.0,-0.03
1783834496459,1783834496459,0.0,-0.04
1783834496459,1783834496459,0.0,-0.02
1783834496459,1783834496459,0.0,-0.02
1783834496459,1783834496459,0.0,-0.01
1783834496459,1783834496459,0.0,17.29
1783834496459,1783834496459,0.0,10.73
1783834496459,1783834496459,0.0,11.18
1783834496459,1783834496459,0.0,3.26
1783834496459,1783834496459,0.0,6.73
1783834496459,1783834496459,0.0,7.34
1783834496459,1783834496459,0.0,1.72
1783834496459,1783834496459,0.0,2.07
1783834496459,1783834496459,0.0,5.88
1783834496459,1783834496459,0.0,6.59
1783834496459,1783834496459,0.0,0.57
1783834496459,1783834496459,0.0,6.12
1783834496459,1783834496459,0.0,0.61
1783834496459,1783834496459,0.0,5.66
1783834496459,1783834496459,0.0,0.27
1783834496459,1783834496459,0.0,6.23
1783834496459,1783834496459,0.0,6.16
1783834496459,1783834496459,0.0,1.27
1783834496459,1783834496459,0.0,4.77
1783834496459,1783834496459,0.0,1.33
1783834496459,1783834496459,0.0,4.47
1783834496459,1783834496459,0.0,-0.01
1783834496459,1783834496459,0.0,-0.01
1783834496459,1783834496459,0.0,-0.02
1783834496459,1783834496459,0.0,-0.02
1783834496459,1783834496459,0.0,-0.03
1783834496459,1783834496459,0.0,8.5
1783834496459,1783834496459,0.0,2.9
1783834496459,1783834496459,0.0,7.95
1783834496459,1783834496459,0.0,1.79
1783834496459,1783834496459,0.0,4.3
1783834496459,1783834496459,0.0,1.35
1783834496459,1783834496459,0.0,6.51
1783834496459,1783834496459,0.0,3.96
1783834496459,1783834496459,0.0,0.82
1783834496459,1783834496459,0.0,3.64
1783834496459,1783834496459,0.0,1.19
1783834496459,1783834496459,0.0,5.95
1783834496459,1783834496459,0.0,6.1
1783834496459,1783834496459,0.0,-0.02
1783834496459,1783834496459,0.0,-0.03
1783834496459,1783834496459,0.0,-0.01
1783834496459,1783834496459,0.0,11.03
1783834496459,1783834496459,0.0,8.62
1783834496459,1783834496459,0.0,6.55
1783834496459,1783834496459,0.0,7.41
1783834496459,1783834496459,0.0,2.64
1783834496459,1783834496459,0.0,1.44
1783834496459,1783834496459,0.0,3.32
1783834496459,1783834496459,0.0,3.89
1783834496459,1783834496459,0.0,0.99
1783834496459,1783834496459,0.0,4.84
1783834496459,1783834496459,0.0,5.37
1783834496459,1783834496459,0.0,1.29
1783834496459,1783834496459,0.0,3.05
1783834496459,1783834496459,0.0,5.08
1783834496459,1783834496459,0.0,3.98
1783834496459,1783834496459,0.0,2.46
1783834501896,1783834501896,0.0,6.0
1783834501896,1783834501896,0.0,1.7
1783834501896,1783834501896,0.0,-0.03
1783834501896,1783834501896,0.0,-0.05
1783834501896,1783834501896,0.0,-0.03
1783834501896,1783834501896,0.0,6.41
1783834501896,1783834501896,0.0,3.97
1783834501896,1783834501896,0.0,2.59
1783834501896,1783834501896,0.0,1.94
1783834501896,1783834501896,0.0,4.95
1783834501896,1783834501896,0.0,6.01
1783834501896,1783834501896,0.0,0.39
1783834501896,1783834501896,0.0,6.47
1783834501896,1783834501896,0.0,6.05
1783834501896,1783834501896,0.0,0.76
1783834501896,1783834501896,0.0,3.25
1783834501896,1783834501896,0.0,5.54
1783834501896,1783834501896,0.0,0.56
1783834501896,1783834501896,0.0,4.26
1783834501896,1783834501896,0.0,5.12
1783834501896,1783834501896,0.0,4.46
1783834501896,1783834501896,0.0,1.32
1783834501896,1783834501896,0.0,-0.03
1783834501896,1783834501896,0.0,-0.04
1783834501896,1783834501896,0.0,-0.04
1783834501896,1783834501896,0.0,-0.01
1783834501896,1783834501896,0.0,-0.02
1783834501896,1783834501896,0.0,15.7
1783834501896,1783834501896,0.0,10.57
1783834501896,1783834501896,0.0,2.96
1783834501896,1783834501896,0.0,2.27
1783834501896,1783834501896,0.0,1.44
1783834501896,1783834501896,0.0,4.05
1783834501896,1783834501896,0.0,6.38
1783834501896,1783834501896,0.0,1.46
1783834501896,1783834501896,0.0,5.55
1783834501896,1783834501896,0.0,5.77
1783834501896,1783834501896,0.0,4.52
1783834501896,1783834501896,0.0,0.36
1783834501896,1783834501896,0.0,-0.02
1783834501896,1783834501896,0.0,0.01
1783834501896,1783834501896,0.0,-0.03
1783834501896,1783834501896,0.0,11.87
1783834501896,1783834501896,0.0,9.56
1783834501896,1783834501896,0.0,7.27
1783834501896,1783834501896,0.0,5.63
1783834501896,1783834501896,0.0,6.92
1783834501896,1783834501896,0.0,5.93
1783834501896,1783834501896,0.0,5.87
1783834501896,1783834501896,0.0,6.13
1783834501896,1783834501896,0.0,7.56
1783834501896,1783834501896,0.0,5.26
1783834501896,1783834501896,0.0,2.92
1783834501896,1783834501896,0.0,4.75
1783834501896,1783834501896,0.0,-0.01
1783834501896,1783834501896,0.0,-0.03
1783834501896,1783834501896,0.0,-0.02
1783834501896,1783834501896,0.0,5.23
1783834501896,1783834501896,0.0,9.88
1783834501896,1783834501896,0.0,3.31
1783834501896,1783834501896,0.0,2.04
1783834501896,1783834501896,0.0,1.83
1783834501896,1783834501896,0.0,6.0
1783834501896,1783834501896,0.0,5.68
1783834501896,1783834501896,0.0,6.22
1783834501896,1783834501896,0.0,0.25
1783834501896,1783834501896,0.0,5.97
1783834501896,1783834501896,0.0,1.0
1783834501896,1783834501896,0.0,-0.02
1783834501896,1783834501896,0.0,-0.02
1783834501896,1783834501896,0.0,-0.01
1783834501896,1783834501896,0.0,-0.02
1783834501896,1783834501896,0.0,11.96
1783834501896,1783834501896,0.0,10.12
1783834501896,1783834501896,0.0,8.2
1783834501896,1783834501896,0.0,7.17
1783834501896,1783834501896,0.0,4.39
1783834501896,1783834501896,0.0,1.0
1783834501896,1783834501896,0.0,4.04
1783834501896,1783834501896,0.0,-0.03
1783834501896,1783834501896,0.0,-0.03
1783834501896,1783834501896,0.0,-0.03
1783834501896,1783834501896,0.0,-0.03
1783834501896,1783834501896,0.0,-0.03
1783834501896,1783834501896,0.0,-0.02
1783834501896,1783834501896,0.0,-0.02
1783834501896,1783834501896,0.0,-0.02
1783834501896,1783834501896,0.0,-0.01
1783834501896,1783834501896,0.0,-0.03
1783834501896,1783834501896,0.0,-0.01
1783834501896,1783834501896,0.0,-0.02
1783834501896,1783834501896,0.0,-0.01
1783834501896,1783834501896,0.0,-0.02
1783834501896,1783834501896,0.0,0.0
1783834501896,1783834501896,0.0,19.57
1783834501896,1783834501896,0.0,11.04
1783834501896,1783834501896,0.0,6.22
1783834501896,1783834501896,0.0,8.02
1783834501896,1783834501896,0.0,6.86
1783834501896,1783834501896,0.0,6.38
1783834501896,1783834501896,0.0,3.88
1783834501896,1783834501896,0.0,2.21
1783834501896,1783834501896,0.0,1.34
1783834501896,1783834501896,0.0,4.02
1783834501896,1783834501896,0.0,2.24
1783834501896,1783834501896,0.0,3.36
1783834501896,1783834501896,0.0,2.69
1783834501896,1783834501896,0.0,-0.02
1783834501896,1783834501896,0.0,9.84
1783834501896,1783834501896,0.0,3.04
1783834501896,1783834501896,0.0,2.32
1783834501896,1783834501896,0.0,5.89
1783834501896,1783834501896,0.0,7.39
1783834501896,1783834501896,0.0,1.44
1783834501896,1783834501896,0.0,4.11
1783834501896,1783834501896,0.0,5.56
1783834501896,1783834501896,0.0,3.77
1783834501896,1783834501896,0.0,0.91
1783834501896,1783834501896,0.0,4.12
1783834501896,1783834501896,0.0,1.99
1783834501896,1783834501896,0.0,0.94
1783834501896,1783834501896,0.0,3.62
1783834501896,1783834501896,0.0,5.33
1783834501896,1783834501896,0.0,-0.01
1783834501896,1783834501896,0.0,-0.05
1783834501896,1783834501896,0.0,-0.03
1783834501896,1783834501896,0.0,-0.03
1783834501896,1783834501896,0.0,0.0
1783834506133,1783834506133,0.0,-0.04
1783834506133,1783834506133,0.0,9.83
1783834506133,1783834506133,0.0,12.28
1783834506133,1783834506133,0.0,7.92
1783834506133,1783834506133,0.0,7.13
1783834506133,1783834506133,0.0,5.48
1783834506133,1783834506133,0.0,7.02
1783834506133,1783834506133,0.0,0.8
1783834506133,1783834506133,0.0,6.38
1783834506133,1783834506133,0.0,4.6
1783834506133,1783834506133,0.0,3.67
1783834506133,1783834506133,0.0,4.07
1783834506133,1783834506133,0.0,5.33
1783834506133,1783834506133,0.0,1.54
1783834506133,1783834506133,0.0,-0.02
1783834506133,1783834506133,0.0,-0.03
1783834506133,1783834506133,0.0,-0.01
1783834506133,1783834506133,0.0,-0.02
1783834506133,1783834506133,0.0,-0.04
1783834506133,1783834506133,0.0,9.22
1783834506133,1783834506133,0.0,7.83
1783834506133,1783834506133,0.0,10.08
1783834506133,1783834506133,0.0,8.36
1783834506133,1783834506133,0.0,7.23
1783834506133,1783834506133,0.0,6.38
1783834506133,1783834506133,0.0,6.03
1783834506133,1783834506133,0.0,4.05
1783834506133,1783834506133,0.0,0.37
1783834506133,1783834506133,0.0,6.3
1783834506133,1783834506133,0.0,6.4
1783834506133,1783834506133,0.0,-0.03
1783834506133,1783834506133,0.0,-0.03
1783834506133,1783834506133,0.0,-0.02
1783834506133,1783834506133,0.0,-0.02
1783834506133,1783834506133,0.0,12.32
1783834506133,1783834506133,0.0,10.4
1783834506133,1783834506133,0.0,7.81
1783834506133,1783834506133,0.0,5.89
1783834506133,1783834506133,0.0,6.73
1783834506133,1783834506133,0.0,0.88
1783834506133,1783834506133,0.0,6.58
1783834506133,1783834506133,0.0,0.31
1783834506133,1783834506133,0.0,7.55
1783834506133,1783834506133,0.0,1.13
1783834506133,1783834506133,0.0,4.14
1783834506133,1783834506133,0.0,5.75
1783834506133,1783834506133,0.0,-0.03
1783834506133,1783834506133,0.0,-0.01
1783834506133,1783834506133,0.0,-0.03
1783834506133,1783834506133,0.0,-0.01
1783834506133,1783834506133,0.0,-0.02
1783834506133,1783834506133,0.0,13.17
1783834506133,1783834506133,0.0,7.64
1783834506133,1783834506133,0.0,6.88
1783834506133,1783834506133,0.0,5.81
1783834506133,1783834506133,0.0,0.77
1783834506133,1783834506133,0.0,3.24
1783834506133,1783834506133,0.0,5.98
1783834506133,1783834506133,0.0,7.02
1783834506133,1783834506133,0.0,0.6
1783834506133,1783834506133,0.0,6.01
1783834506133,1783834506133,0.0,0.83
1783834506133,1783834506133,0.0,-0.02
1783834506133,1783834506133,0.0,-0.01
1783834506133,1783834506133,0.0,-0.02
1783834506133,1783834506133,0.0,-0.01
1783834506133,1783834506133,0.0,13.26
1783834506133,1783834506133,0.0,9.38
1783834506133,1783834506133,0.0,5.95
1783834506133,1783834506133,0.0,5.34
1783834506133,1783834506133,0.0,6.83
1783834506133,1783834506133,0.0,3.64
1783834506133,1783834506133,0.0,1.42
1783834506133,1783834506133,0.0,1.67
1783834506133,1783834506133,0.0,5.86
1783834506133,1783834506133,0.0,6.08
1783834506133,1783834506133,0.0,5.21
1783834506133,1783834506133,0.0,4.28
1783834506133,1783834506133,0.0,1.19
1783834506133,1783834506133,0.0,6.33
1783834506133,1783834506133,0.0,5.94
1783834506133,1783834506133,0.0,3.93
1783834506133,1783834506133,0.0,5.47
1783834506133,1783834506133,0.0,4.33
1783834506133,1783834506133,0.0,5.25
1783834506133,1783834506133,0.0,5.75
1783834506133,1783834506133,0.0,5.97
1783834506133,1783834506133,0.0,-0.01
1783834506133,1783834506133,0.0,-0.02
1783834506133,1783834506133,0.0,0.0
1783834506133,1783834506133,0.0,7.93
1783834506133,1783834506133,0.0,5.87
1783834506133,1783834506133,0.0,5.42
1783834506133,1783834506133,0.0,5.42
1783834506133,1783834506133,0.0,7.65
1783834506133,1783834506133,0.0,1.34
1783834506133,1783834506133,0.0,3.89
1783834506133,1783834506133,0.0,6.83
1783834506133,1783834506133,0.0,1.3
1783834506133,1783834506133,0.0,3.27
1783834506133,1783834506133,0.0,1.53
1783834506133,1783834506133,0.0,6.51
1783834506133,1783834506133,0.0,7.15
1783834506133,1783834506133,0.0,0.34
1783834506133,1783834506133,0.0,5.0
1783834506133,1783834506133,0.0,5.35
1783834506133,1783834506133,0.0,5.57
1783834506133,1783834506133,0.0,5.45
1783834506133,1783834506133,0.0,5.18
1783834506133,1783834506133,0.0,5.84
1783834506133,1783834506133,0.0,1.3
1783834506133,1783834506133,0.0,5.86
1783834506133,1783834506133,0.0,6.1
1783834506133,1783834506133,0.0,4.1
1783834506133,1783834506133,0.0,5.54
1783834506133,1783834506133,0.0,4.0
1783834506133,1783834506133,0.0,0.75
1783834506133,1783834506133,0.0,6.04
1783834506133,1783834506133,0.0,1.58
1783834506133,1783834506133,0.0,4.08
1783834506133,1783834506133,0.0,6.3
1783834506133,1783834506133,0.0,0.91
1783834506133,1783834506133,0.0,1.13
1783834506133,1783834506133,0.0,4.99
1783834506133,1783834506133,0.0,5.66
1783834506133,1783834506133,0.0,4.55
1783834506133,1783834506133,0.0,7.11
1783834506133,1783834506133,0.0,5.4
1783834530500,1783834530500,0.0,-0.04
1783834530500,1783834530500,0.0,-0.03
1783834530500,1783834530500,0.0,-0.01
1783834530500,1783834530500,0.0,-0.01
1783834530500,1783834530500,0.0,-0.02
1783834530500,1783834530500,0.0,-0.04
1783834530500,1783834530500,0.0,-0.02
1783834530500,1783834530500,0.0,-0.02
1783834530500,1783834530500,0.0,-0.01
1783834530500,1783834530500,0.0,-0.02
1783834530500,1783834530500,0.0,-0.04
1783834530500,1783834530500,0.0,-0.03
1783834530500,1783834530500,0.0,-0.02
1783834530500,1783834530500,0.0,-0.03
1783834530500,1783834530500,0.0,-0.03
1783834530500,1783834530500,0.0,-0.03
1783834530500,1783834530500,0.0,-0.03
1783834530500,1783834530500,0.0,-0.02
1783834530500,1783834530500,0.0,-0.05
1783834530500,1783834530500,0.0,-0.02
1783834530500,1783834530500,0.0,-0.01
1783834530500,1783834530500,0.0,-0.01
1783834530500,1783834530500,0.0,0.0
1783834530500,1783834530500,0.0,-0.04
1783834530500,1783834530500,0.0,-0.02
1783834530500,1783834530500,0.0,81.71
1783834530500,1783834530500,0.0,31.52
1783834530500,1783834530500,0.0,16.11
1783834530500,1783834530500,0.0,9.94
1783834530500,1783834530500,0.0,7.41
1783834530500,1783834530500,0.0,6.74
1783834530500,1783834530500,0.0,7.85
1783834530500,1783834530500,0.0,1.55
1783834530500,1783834530500,0.0,5.42
1783834530500,1783834530500,0.0,2.44
1783834530500,1783834530500,0.0,2.16
1783834530500,1783834530500,0.0,5.05
1783834530500,1783834530500,0.0,5.19
1783834530500,1783834530500,0.0,1.36
1783834530500,1783834530500,0.0,6.2
1783834530500,1783834530500,0.0,6.23
1783834530500,1783834530500,0.0,0.4
1783834530500,1783834530500,0.0,5.27
1783834530500,1783834530500,0.0,0.67
1783834530500,1783834530500,0.0,5.63
1783834530500,1783834530500,0.0,5.94
1783834530500,1783834530500,0.0,0.78
1783834530500,1783834530500,0.0,2.69
1783834530500,1783834530500,0.0,2.31
1783834530500,1783834530500,0.0,5.47
1783834530500,1783834530500,0.0,4.7
1783834530500,1783834530500,0.0,4.76
1783834530500,1783834530500,0.0,2.48
1783834530500,1783834530500,0.0,3.04
1783834530500,1783834530500,0.0,5.48
1783834530500,1783834530500,0.0,4.37
1783834530500,1783834530500,0.0,5.23
1783834530500,1783834530500,0.0,5.48
1783834530500,1783834530500,0.0,4.2
1783834530500,1783834530500,0.0,1.11
1783834530500,1783834530500,0.0,3.28
1783834530500,1783834530500,0.0,2.46
1783834530500,1783834530500,0.0,5.57
1783834530500,1783834530500,0.0,0.36
1783834530500,1783834530500,0.0,6.27
1783834530500,1783834530500,0.0,0.12
1783834530500,1783834530500,0.0,6.23
1783834530500,1783834530500,0.0,6.54
1783834530500,1783834530500,0.0,0.43
1783834530500,1783834530500,0.0,5.43
1783834530500,1783834530500,0.0,4.68
1783834530500,1783834530500,0.0,0.88
1783834530500,1783834530500,0.0,3.49
1783834530500,1783834530500,0.0,2.2
1783834530500,1783834530500,0.0,0.71
1783834530500,1783834530500,0.0,4.59
1783834530500,1783834530500,0.0,6.64
1783834530500,1783834530500,0.0,0.01
1783834530500,1783834530500,0.0,6.26
1783834530500,1783834530500,0.0,6.7
1783834530500,1783834530500,0.0,0.68
1783834530500,1783834530500,0.0,4.61
1783834530500,1783834530500,0.0,4.84
1783834530500,1783834530500,0.0,1.9
1783834530500,1783834530500,0.0,4.98
1783834530500,1783834530500,0.0,0.92
1783834530500,1783834530500,0.0,3.15
1783834530500,1783834530500,0.0,0.94
1783834530500,1783834530500,0.0,4.83
1783834530500,1783834530500,0.0,1.05
1783834530500,1783834530500,0.0,5.84
1783834530500,1783834530500,0.0,5.37
1783834530500,1783834530500,0.0,0.65
1783834530500,1783834530500,0.0,6.11
1783834530500,1783834530500,0.0,3.94
1783834530500,1783834530500,0.0,5.49
1783834530500,1783834530500,0.0,3.84
1783834530500,1783834530500,0.0,5.46
1783834530500,1783834530500,0.0,5.11
1783834530500,1783834530500,0.0,7.49
1783834530500,1783834530500,0.0,0.55
1783834530500,1783834530500,0.0,4.0
1783834530500,1783834530500,0.0,3.54
1783834530500,1783834530500,0.0,4.4
1783834530500,1783834530500,0.0,0.81
1783834530500,1783834530500,0.0,0.34
1783834530500,1783834530500,0.0,5.02
1783834530500,1783834530500,0.0,5.39
1783834530500,1783834530500,0.0,2.08
1783834530500,1783834530500,0.0,1.62
1783834530500,1783834530500,0.0,5.83
1783834530500,1783834530500,0.0,6.71
1783834530500,1783834530500,0.0,6.22
1783834530500,1783834530500,0.0,5.26
1783834530500,1783834530500,0.0,4.28
1783834530500,1783834530500,0.0,4.96
1783834530500,1783834530500,0.0,3.91
1783834530500,1783834530500,0.0,1.59
1783834530500,1783834530500,0.0,6.0
1783834530500,1783834530500,0.0,1.73
1783834530500,1783834530500,0.0,5.95
1783834530500,1783834530500,0.0,6.57
1783834530500,1783834530500,0.0,6.34
1783834530500,1783834530500,0.0,0.78
1783834530500,1783834530500,0.0,4.27
1783834530500,1783834530500,0.0,4.55
1783834530500,1783834530500,0.0,4.93
1783834530500,1783834530500,0.0,5.35
1783834565970,1783834565970,0.0,1.42
1783834565970,1783834565970,0.0,6.04
1783834565970,1783834565970,0.0,5.92
1783834565970,1783834565970,0.0,5.78
1783834565970,1783834565970,0.0,6.64
1783834565970,1783834565970,0.0,0.27
1783834565970,1783834565970,0.0,0.77
1783834565970,1783834565970,0.0,5.52
1783834565970,1783834565970,0.0,2.01
1783834565970,1783834565970,0.0,3.28
1783834565970,1783834565970,0.0,5.35
1783834565970,1783834565970,0.0,5.15
1783834565970,1783834565970,0.0,5.57
1783834565970,1783834565970,0.0,6.08
1783834565970,1783834565970,0.0,7.67
1783834565970,1783834565970,0.0,0.55
1783834565970,1783834565970,0.0,6.84
1783834565970,1783834565970,0.0,0.4
1783834565970,1783834565970,0.0,6.12
1783834565970,1783834565970,0.0,3.76
1783834565970,1783834565970,0.0,5.34
1783834565970,1783834565970,0.0,2.85
1783834565970,1783834565970,0.0,5.16
1783834565970,1783834565970,0.0,3.49
1783834565970,1783834565970,0.0,7.0
1783834565970,1783834565970,0.0,0.66
1783834565970,1783834565970,0.0,6.41
1783834565970,1783834565970,0.0,6.03
1783834565970,1783834565970,0.0,0.62
1783834565970,1783834565970,0.0,4.45
1783834565970,1783834565970,0.0,5.41
1783834565970,1783834565970,0.0,4.18
1783834565970,1783834565970,0.0,5.39
1783834565970,1783834565970,0.0,6.06
1783834565970,1783834565970,0.0,6.77
1783834565970,1783834565970,0.0,5.57
1783834565970,1783834565970,0.0,0.99
1783834565970,1783834565970,0.0,3.11
1783834565970,1783834565970,0.0,0.64
1783834565970,1783834565970,0.0,4.73
1783834565970,1783834565970,0.0,1.25
1783834565970,1783834565970,0.0,0.54
1783834565970,1783834565970,0.0,6.13
1783834565970,1783834565970,0.0,5.87
1783834565970,1783834565970,0.0,1.2
1783834565970,1783834565970,0.0,6.34
1783834565970,1783834565970,0.0,6.55
1783834565970,1783834565970,0.0,3.62
1783834565970,1783834565970,0.0,1.38
1783834565970,1783834565970,0.0,0.34
1783834565970,1783834565970,0.0,0.85
1783834565970,1783834565970,0.0,4.52
1783834565970,1783834565970,0.0,5.48
1783834565970,1783834565970,0.0,3.8
1783834565970,1783834565970,0.0,5.73
1783834565970,1783834565970,0.0,6.3
1783834565970,1783834565970,0.0,6.15
1783834565970,1783834565970,0.0,0.84
1783834565970,1783834565970,0.0,3.43
1783834565970,1783834565970,0.0,0.78
1783834565970,1783834565970,0.0,6.21
1783834565970,1783834565970,0.0,1.65
1783834565970,1783834565970,0.0,6.28
1783834565970,1783834565970,0.0,-0.04
1783834565970,1783834565970,0.0,-0.03
1783834565970,1783834565970,0.0,-0.03
1783834565970,1783834565970,0.0,-0.01
1783834565970,1783834565970,0.0,-0.01
1783834565970,1783834565970,0.0,-0.03
1783834565970,1783834565970,0.0,-0.02
1783834565970,1783834565970,0.0,-0.03
1783834565970,1783834565970,0.0,-0.02
1783834565970,1783834565970,0.0,-0.03
1783834565970,1783834565970,0.0,-0.02
1783834565970,1783834565970,0.0,-0.01
1783834565970,1783834565970,0.0,-0.02
1783834565970,1783834565970,0.0,-0.01
1783834565970,1783834565970,0.0,-0.04
1783834565970,1783834565970,0.0,-0.03
1783834565970,1783834565970,0.0,-0.02
1783834565970,1783834565970,0.0,-0.03
1783834565970,1783834565970,0.0,-0.02
1783834565970,1783834565970,0.0,35.67
1783834565970,1783834565970,0.0,14.67
1783834565970,1783834565970,0.0,14.73
1783834565970,1783834565970,0.0,8.73
1783834565970,1783834565970,0.0,9.51
1783834565970,1783834565970,0.0,4.39
1783834565970,1783834565970,0.0,6.11
1783834565970,1783834565970,0.0,6.54
1783834565970,1783834565970,0.0,0.96
1783834565970,1783834565970,0.0,2.33
1783834565970,1783834565970,0.0,6.7
1783834565970,1783834565970,0.0,0.24
1783834565970,1783834565970,0.0,5.82
1783834565970,1783834565970,0.0,6.12
1783834565970,1783834565970,0.0,0.73
1783834565970,1783834565970,0.0,2.8
1783834565970,1783834565970,0.0,2.12
1783834565970,1783834565970,0.0,0.01
1783834565970,1783834565970,0.0,5.85
1783834565970,1783834565970,0.0,5.74
1783834565970,1783834565970,0.0,5.1
1783834565970,1783834565970,0.0,4.31
1783834565970,1783834565970,0.0,1.5
1783834565970,1783834565970,0.0,1.97
1783834565970,1783834565970,0.0,2.33
1783834565970,1783834565970,0.0,5.44
1783834565970,1783834565970,0.0,0.15
1783834565970,1783834565970,0.0,-0.05
1783834565970,1783834565970,0.0,-0.01
1783834565970,1783834565970,0.0,-0.02
1783834565970,1783834565970,0.0,0.0
1783834565970,1783834565970,0.0,-0.01
1783834565970,1783834565970,0.0,-0.02
1783834565970,1783834565970,0.0,-0.01
1783834565970,1783834565970,0.0,-0.03
1783834565970,1783834565970,0.0,-0.02
1783834565970,1783834565970,0.0,-0.05
1783834565970,1783834565970,0.0,-0.02
1783834565970,1783834565970,0.0,-0.02
1783834565970,1783834565970,0.0,-0.01
1783834565970,1783834565970,0.0,-0.02
1783834565970,1783834565970,0.0,-0.04
1783834565970,1783834565970,0.0,21.69
1783834565970,1783834565970,0.0,14.4
1783834565970,1783834565970,0.0,9.66
1783834565970,1783834565970,0.0,9.29
1783834576138,1783834576138,0.0,1.94
1783834576138,1783834576138,0.0,1.33
1783834576138,1783834576138,0.0,-0.02
1783834576138,1783834576138,0.0,-0.05
1783834576138,1783834576138,0.0,0.0
1783834576138,1783834576138,0.0,-0.02
1783834576138,1783834576138,0.0,8.1
1783834576138,1783834576138,0.0,7.65
1783834576138,1783834576138,0.0,3.74
1783834576138,1783834576138,0.0,7.23
1783834576138,1783834576138,0.0,6.76
1783834576138,1783834576138,0.0,1.01
1783834576138,1783834576138,0.0,3.27
1783834576138,1783834576138,0.0,0.67
1783834576138,1783834576138,0.0,1.46
1783834576138,1783834576138,0.0,5.2
1783834576138,1783834576138,0.0,0.0
1783834576138,1783834576138,0.0,-0.03
1783834576138,1783834576138,0.0,-0.04
1783834576138,1783834576138,0.0,-0.03
1783834576138,1783834576138,0.0,8.14
1783834576138,1783834576138,0.0,9.35
1783834576138,1783834576138,0.0,8.02
1783834576138,1783834576138,0.0,7.17
1783834576138,1783834576138,0.0,6.14
1783834576138,1783834576138,0.0,7.28
1783834576138,1783834576138,0.0,5.85
1783834576138,1783834576138,0.0,0.23
1783834576138,1783834576138,0.0,6.33
1783834576138,1783834576138,0.0,4.26
1783834576138,1783834576138,0.0,5.35
1783834576138,1783834576138,0.0,-0.02
1783834576138,1783834576138,0.0,-0.01
1783834576138,1783834576138,0.0,-0.03
1783834576138,1783834576138,0.0,-0.03
1783834576138,1783834576138,0.0,-0.02
1783834576138,1783834576138,0.0,-0.03
1783834576138,1783834576138,0.0,-0.01
1783834576138,1783834576138,0.0,0.0
1783834576138,1783834576138,0.0,-0.04
1783834576138,1783834576138,0.0,-0.02
1783834576138,1783834576138,0.0,-0.02
1783834576138,1783834576138,0.0,-0.02
1783834576138,1783834576138,0.0,-0.03
1783834576138,1783834576138,0.0,-0.02
1783834576138,1783834576138,0.0,-0.03
1783834576138,1783834576138,0.0,-0.04
1783834576138,1783834576138,0.0,-0.02
1783834576138,1783834576138,0.0,-0.01
1783834576138,1783834576138,0.0,-0.01
1783834576138,1783834576138,0.0,-0.02
1783834576138,1783834576138,0.0,-0.01
1783834576138,1783834576138,0.0,-0.03
1783834576138,1783834576138,0.0,-0.02
1783834576138,1783834576138,0.0,0.0
1783834576138,1783834576138,0.0,-0.02
1783834576138,1783834576138,0.0,0.0
1783834576138,1783834576138,0.0,-0.04
1783834576138,1783834576138,0.0,-0.02
1783834576138,1783834576138,0.0,0.0
1783834576138,1783834576138,0.0,25.69
1783834576138,1783834576138,0.0,33.94
1783834576138,1783834576138,0.0,17.96
1783834576138,1783834576138,0.0,8.71
1783834576138,1783834576138,0.0,3.92
1783834576138,1783834576138,0.0,7.13
1783834576138,1783834576138,0.0,1.57
1783834576138,1783834576138,0.0,5.79
1783834576138,1783834576138,0.0,4.79
1783834576138,1783834576138,0.0,1.53
1783834576138,1783834576138,0.0,5.1
1783834576138,1783834576138,0.0,5.5
1783834576138,1783834576138,0.0,-0.02
1783834576138,1783834576138,0.0,-0.03
1783834576138,1783834576138,0.0,-0.02
1783834576138,1783834576138,0.0,-0.03
1783834576138,1783834576138,0.0,-0.04
1783834576138,1783834576138,0.0,-0.02
1783834576138,1783834576138,0.0,-0.02
1783834576138,1783834576138,0.0,12.17
1783834576138,1783834576138,0.0,7.05
1783834576138,1783834576138,0.0,1.49
1783834576138,1783834576138,0.0,7.04
1783834576138,1783834576138,0.0,6.58
1783834576138,1783834576138,0.0,6.82
1783834576138,1783834576138,0.0,1.59
1783834576138,1783834576138,0.0,2.04
1783834576138,1783834576138,0.0,2.59
1783834576138,1783834576138,0.0,5.67
1783834576138,1783834576138,0.0,0.69
1783834576138,1783834576138,0.0,6.13
1783834576138,1783834576138,0.0,-0.02
1783834576138,1783834576138,0.0,-0.01
1783834576138,1783834576138,0.0,-0.05
1783834576138,1783834576138,0.0,-0.04
1783834576138,1783834576138,0.0,-0.01
1783834576138,1783834576138,0.0,-0.01
1783834576138,1783834576138,0.0,1.32
1783834576138,1783834576138,0.0,16.59
1783834576138,1783834576138,0.0,10.38
1783834576138,1783834576138,0.0,2.71
1783834576138,1783834576138,0.0,1.97
1783834576138,1783834576138,0.0,3.32
1783834576138,1783834576138,0.0,1.73
1783834576138,1783834576138,0.0,5.93
1783834576138,1783834576138,0.0,6.04
1783834576138,1783834576138,0.0,5.2
1783834576138,1783834576138,0.0,0.35
1783834576138,1783834576138,0.0,5.73
1783834576138,1783834576138,0.0,6.58
1783834576138,1783834576138,0.0,0.0
1783834576138,1783834576138,0.0,-0.04
1783834576138,1783834576138,0.0,-0.02
1783834576138,1783834576138,0.0,-0.03
1783834576138,1783834576138,0.0,-0.01
1783834576138,1783834576138,0.0,7.43
1783834576138,1783834576138,0.0,8.86
1783834576138,1783834576138,0.0,6.37
1783834576138,1783834576138,0.0,1.29
1783834576138,1783834576138,0.0,1.16
1783834576138,1783834576138,0.0,3.5
1783834576138,1783834576138,0.0,0.53
1783834576138,1783834576138,0.0,6.06
1783834576138,1783834576138,0.0,4.44
1783834576138,1783834576138,0.0,2.8
1783834576138,1783834576138,0.0,5.13
1783834576138,1783834576138,0.0,1.1
1783834576138,1783834576138,0.0,0.0
1783834583653,1783834583653,0.0,-0.02
1783834583653,1783834583653,0.0,-0.02
1783834583653,1783834583653,0.0,0.0
1783834583653,1783834583653,0.0,-0.03
1783834583653,1783834583653,0.0,-0.01
1783834583653,1783834583653,0.0,-0.02
1783834583653,1783834583653,0.0,0.0
1783834583653,1783834583653,0.0,18.63
1783834583653,1783834583653,0.0,9.97
1783834583653,1783834583653,0.0,5.82
1783834583653,1783834583653,0.0,5.72
1783834583653,1783834583653,0.0,8.29
1783834583653,1783834583653,0.0,4.58
1783834583653,1783834583653,0.0,6.57
1783834583653,1783834583653,0.0,7.0
1783834583653,1783834583653,0.0,0.86
1783834583653,1783834583653,0.0,4.1
1783834583653,1783834583653,0.0,5.14
1783834583653,1783834583653,0.0,4.79
1783834583653,1783834583653,0.0,1.63
1783834583653,1783834583653,0.0,-0.03
1783834583653,1783834583653,0.0,-0.03
1783834583653,1783834583653,0.0,0.01
1783834583653,1783834583653,0.0,-0.02
1783834583653,1783834583653,0.0,-0.03
1783834583653,1783834583653,0.0,0.01
1783834583653,1783834583653,0.0,-0.01
1783834583653,1783834583653,0.0,-0.03
1783834583653,1783834583653,0.0,-0.03
1783834583653,1783834583653,0.0,19.63
1783834583653,1783834583653,0.0,16.07
1783834583653,1783834583653,0.0,9.39
1783834583653,1783834583653,0.0,3.46
1783834583653,1783834583653,0.0,3.08
1783834583653,1783834583653,0.0,4.9
1783834583653,1783834583653,0.0,5.05
1783834583653,1783834583653,0.0,0.79
1783834583653,1783834583653,0.0,1.3
1783834583653,1783834583653,0.0,3.81
1783834583653,1783834583653,0.0,5.76
1783834583653,1783834583653,0.0,5.22
1783834583653,1783834583653,0.0,-0.01
1783834583653,1783834583653,0.0,0.01
1783834583653,1783834583653,0.0,-0.02
1783834583653,1783834583653,0.0,0.0
1783834583653,1783834583653,0.0,-0.03
1783834583653,1783834583653,0.0,-0.02
1783834583653,1783834583653,0.0,-0.04
1783834583653,1783834583653,0.0,0.01
1783834583653,1783834583653,0.0,5.5
1783834583653,1783834583653,0.0,13.4
1783834583653,1783834583653,0.0,9.05
1783834583653,1783834583653,0.0,8.82
1783834583653,1783834583653,0.0,6.92
1783834583653,1783834583653,0.0,6.97
1783834583653,1783834583653,0.0,1.08
1783834583653,1783834583653,0.0,1.74
1783834583653,1783834583653,0.0,0.95
1783834583653,1783834583653,0.0,3.96
1783834583653,1783834583653,0.0,5.8
1783834583653,1783834583653,0.0,5.79
1783834583653,1783834583653,0.0,0.61
1783834583653,1783834583653,0.0,-0.03
1783834583653,1783834583653,0.0,0.0
1783834583653,1783834583653,0.0,-0.05
1783834583653,1783834583653,0.0,-0.01
1783834583653,1783834583653,0.0,-0.03
1783834583653,1783834583653,0.0,-0.03
1783834583653,1783834583653,0.0,-0.02
1783834583653,1783834583653,0.0,16.08
1783834583653,1783834583653,0.0,9.98
1783834583653,1783834583653,0.0,8.25
1783834583653,1783834583653,0.0,7.4
1783834583653,1783834583653,0.0,6.83
1783834583653,1783834583653,0.0,6.88
1783834583653,1783834583653,0.0,1.48
1783834583653,1783834583653,0.0,2.95
1783834583653,1783834583653,0.0,0.39
1783834583653,1783834583653,0.0,1.48
1783834583653,1783834583653,0.0,1.98
1783834583653,1783834583653,0.0,5.97
1783834583653,1783834583653,0.0,7.38
1783834583653,1783834583653,0.0,0.3
1783834583653,1783834583653,0.0,-0.01
1783834583653,1783834583653,0.0,-0.02
1783834583653,1783834583653,0.0,0.01
1783834583653,1783834583653,0.0,-0.02
1783834583653,1783834583653,0.0,0.0
1783834583653,1783834583653,0.0,-0.01
1783834583653,1783834583653,0.0,9.06
1783834583653,1783834583653,0.0,11.08
1783834583653,1783834583653,0.0,7.81
1783834583653,1783834583653,0.0,2.6
1783834583653,1783834583653,0.0,4.85
1783834583653,1783834583653,0.0,6.67
1783834583653,1783834583653,0.0,1.44
1783834583653,1783834583653,0.0,5.77
1783834583653,1783834583653,0.0,4.93
1783834583653,1783834583653,0.0,5.45
1783834583653,1783834583653,0.0,6.12
1783834583653,1783834583653,0.0,7.37
1783834583653,1783834583653,0.0,0.55
1783834583653,1783834583653,0.0,4.83
1783834583653,1783834583653,0.0,2.82
1783834583653,1783834583653,0.0,4.38
1783834583653,1783834583653,0.0,1.08
1783834583653,1783834583653,0.0,6.61
1783834583653,1783834583653,0.0,5.86
1783834583653,1783834583653,0.0,5.3
1783834583653,1783834583653,0.0,5.4
1783834583653,1783834583653,0.0,-0.01
1783834583653,1783834583653,0.0,-0.01
1783834583653,1783834583653,0.0,-0.01
1783834583653,1783834583653,0.0,9.59
1783834583653,1783834583653,0.0,2.28
1783834583653,1783834583653,0.0,2.77
1783834583653,1783834583653,0.0,0.91
1783834583653,1783834583653,0.0,1.71
1783834583653,1783834583653,0.0,1.05
1783834583653,1783834583653,0.0,2.14
1783834583653,1783834583653,0.0,5.39
1783834583653,1783834583653,0.0,1.12
1783834583653,1783834583653,0.0,5.73
1783834583653,1783834583653,0.0,5.56
1783834583653,1783834583653,0.0,3.4
1783834583653,1783834583653,0.0,0.53
1783834583653,1783834583653,0.0,6.17
1783834583653,1783834583653,0.0,6.72
1783834594666,1783834594666,0.0,-0.03
1783834594666,1783834594666,0.0,-0.02
1783834594666,1783834594666,0.0,-0.01
1783834594666,1783834594666,0.0,-0.02
1783834594666,1783834594666,0.0,-0.03
1783834594666,1783834594666,0.0,-0.02
1783834594666,1783834594666,0.0,-0.02
1783834594666,1783834594666,0.0,0.0
1783834594666,1783834594666,0.0,0.01
1783834594666,1783834594666,0.0,-0.01
1783834594666,1783834594666,0.0,-0.05
1783834594666,1783834594666,0.0,-0.03
1783834594666,1783834594666,0.0,-0.03
1783834594666,1783834594666,0.0,31.59
1783834594666,1783834594666,0.0,13.12
1783834594666,1783834594666,0.0,7.64
1783834594666,1783834594666,0.0,8.84
1783834594666,1783834594666,0.0,1.53
1783834594666,1783834594666,0.0,7.25
1783834594666,1783834594666,0.0,7.11
1783834594666,1783834594666,0.0,6.06
1783834594666,1783834594666,0.0,3.86
1783834594666,1783834594666,0.0,0.61
1783834594666,1783834594666,0.0,6.16
1783834594666,1783834594666,0.0,7.19
1783834594666,1783834594666,0.0,5.19
1783834594666,1783834594666,0.0,4.54
1783834594666,1783834594666,0.0,5.12
1783834594666,1783834594666,0.0,-0.03
1783834594666,1783834594666,0.0,-0.03
1783834594666,1783834594666,0.0,-0.02
1783834594666,1783834594666,0.0,-0.03
1783834594666,1783834594666,0.0,-0.03
1783834594666,1783834594666,0.0,-0.05
1783834594666,1783834594666,0.0,-0.03
1783834594666,1783834594666,0.0,-0.02
1783834594666,1783834594666,0.0,0.0
1783834594666,1783834594666,0.0,-0.04
1783834594666,1783834594666,0.0,27.22
1783834594666,1783834594666,0.0,17.73
1783834594666,1783834594666,0.0,7.26
1783834594666,1783834594666,0.0,9.38
1783834594666,1783834594666,0.0,7.02
1783834594666,1783834594666,0.0,1.35
1783834594666,1783834594666,0.0,0.88
1783834594666,1783834594666,0.0,5.19
1783834594666,1783834594666,0.0,0.71
1783834594666,1783834594666,0.0,1.82
1783834594666,1783834594666,0.0,7.14
1783834594666,1783834594666,0.0,6.11
1783834594666,1783834594666,0.0,1.36
1783834594666,1783834594666,0.0,-0.02
1783834594666,1783834594666,0.0,-0.02
1783834594666,1783834594666,0.0,-0.02
1783834594666,1783834594666,0.0,-0.03
1783834594666,1783834594666,0.0,11.16
1783834594666,1783834594666,0.0,5.27
1783834594666,1783834594666,0.0,9.41
1783834594666,1783834594666,0.0,7.18
1783834594666,1783834594666,0.0,8.5
1783834594666,1783834594666,0.0,5.06
1783834594666,1783834594666,0.0,4.1
1783834594666,1783834594666,0.0,5.31
1783834594666,1783834594666,0.0,2.31
1783834594666,1783834594666,0.0,5.05
1783834594666,1783834594666,0.0,1.0
1783834594666,1783834594666,0.0,6.17
1783834594666,1783834594666,0.0,5.95
1783834594666,1783834594666,0.0,1.09
1783834594666,1783834594666,0.0,1.33
1783834594666,1783834594666,0.0,6.05
1783834594666,1783834594666,0.0,7.59
1783834594666,1783834594666,0.0,5.31
1783834594666,1783834594666,0.0,3.23
1783834594666,1783834594666,0.0,2.78
1783834594666,1783834594666,0.0,-0.01
1783834594666,1783834594666,0.0,-0.04
1783834594666,1783834594666,0.0,-0.04
1783834594666,1783834594666,0.0,4.2
1783834594666,1783834594666,0.0,4.3
1783834594666,1783834594666,0.0,2.05
1783834594666,1783834594666,0.0,4.47
1783834594666,1783834594666,0.0,1.09
1783834594666,1783834594666,0.0,2.8
1783834594666,1783834594666,0.0,1.1
1783834594666,1783834594666,0.0,3.98
1783834594666,1783834594666,0.0,0.9
1783834594666,1783834594666,0.0,6.11
1783834594666,1783834594666,0.0,0.95
1783834594666,1783834594666,0.0,5.37
1783834594666,1783834594666,0.0,5.54
1783834594666,1783834594666,0.0,3.85
1783834594666,1783834594666,0.0,-0.01
1783834594666,1783834594666,0.0,-0.04
1783834594666,1783834594666,0.0,-0.01
1783834594666,1783834594666,0.0,-0.01
1783834594666,1783834594666,0.0,-0.03
1783834594666,1783834594666,0.0,0.0
1783834594666,1783834594666,0.0,-0.01
1783834594666,1783834594666,0.0,-0.02
1783834594666,1783834594666,0.0,25.1
1783834594666,1783834594666,0.0,14.37
1783834594666,1783834594666,0.0,11.0
1783834594666,1783834594666,0.0,3.2
1783834594666,1783834594666,0.0,5.64
1783834594666,1783834594666,0.0,2.25
1783834594666,1783834594666,0.0,0.74
1783834594666,1783834594666,0.0,4.88
1783834594666,1783834594666,0.0,5.66
1783834594666,1783834594666,0.0,6.24
1783834594666,1783834594666,0.0,0.27
1783834594666,1783834594666,0.0,0.97
1783834594666,1783834594666,0.0,2.8
1783834594666,1783834594666,0.0,6.12
1783834594666,1783834594666,0.0,-0.02
1783834594666,1783834594666,0.0,-0.05
1783834594666,1783834594666,0.0,-0.03
1783834594666,1783834594666,0.0,-0.03
1783834594666,1783834594666,0.0,0.0
1783834594666,1783834594666,0.0,17.55
1783834594666,1783834594666,0.0,5.38
1783834594666,1783834594666,0.0,7.1
1783834594666,1783834594666,0.0,2.47
1783834594666,1783834594666,0.0,1.46
1783834594666,1783834594666,0.0,0.88
1783834594666,1783834594666,0.0,4.69
1783834594666,1783834594666,0.0,5.97
1783834594666,1783834594666,0.0,7.37
1783834601635,1783834601635,0.0,6.45
1783834601635,1783834601635,0.0,1.31
1783834601635,1783834601635,0.0,4.9
1783834601635,1783834601635,0.0,5.56
1783834601635,1783834601635,0.0,4.17
1783834601635,1783834601635,0.0,5.38
1783834601635,1783834601635,0.0,2.89
1783834601635,1783834601635,0.0,0.0
1783834601635,1783834601635,0.0,0.01
1783834601635,1783834601635,0.0,-0.01
1783834601635,1783834601635,0.0,-0.01
1783834601635,1783834601635,0.0,-0.02
1783834601635,1783834601635,0.0,-0.01
1783834601635,1783834601635,0.0,-0.03
1783834601635,1783834601635,0.0,16.92
1783834601635,1783834601635,0.0,10.92
1783834601635,1783834601635,0.0,3.05
1783834601635,1783834601635,0.0,8.18
1783834601635,1783834601635,0.0,6.24
1783834601635,1783834601635,0.0,1.5
1783834601635,1783834601635,0.0,0.9
1783834601635,1783834601635,0.0,5.27
1783834601635,1783834601635,0.0,1.88
1783834601635,1783834601635,0.0,2.84
1783834601635,1783834601635,0.0,2.59
1783834601635,1783834601635,0.0,5.13
1783834601635,1783834601635,0.0,5.24
1783834601635,1783834601635,0.0,1.5
1783834601635,1783834601635,0.0,-0.03
1783834601635,1783834601635,0.0,0.01
1783834601635,1783834601635,0.0,0.01
1783834601635,1783834601635,0.0,-0.02
1783834601635,1783834601635,0.0,-0.03
1783834601635,1783834601635,0.0,-0.01
1783834601635,1783834601635,0.0,0.0
1783834601635,1783834601635,0.0,-0.01
1783834601635,1783834601635,0.0,-0.04
1783834601635,1783834601635,0.0,-0.04
1783834601635,1783834601635,0.0,-0.01
1783834601635,1783834601635,0.0,-0.03
1783834601635,1783834601635,0.0,-0.01
1783834601635,1783834601635,0.0,-0.04
1783834601635,1783834601635,0.0,-0.03
1783834601635,1783834601635,0.0,0.01
1783834601635,1783834601635,0.0,-0.04
1783834601635,1783834601635,0.0,-0.02
1783834601635,1783834601635,0.0,0.0
1783834601635,1783834601635,0.0,-0.04
1783834601635,1783834601635,0.0,-0.04
1783834601635,1783834601635,0.0,32.97
1783834601635,1783834601635,0.0,16.19
1783834601635,1783834601635,0.0,9.14
1783834601635,1783834601635,0.0,7.55
1783834601635,1783834601635,0.0,8.25
1783834601635,1783834601635,0.0,7.11
1783834601635,1783834601635,0.0,1.4
1783834601635,1783834601635,0.0,3.76
1783834601635,1783834601635,0.0,5.64
1783834601635,1783834601635,0.0,5.51
1783834601635,1783834601635,0.0,5.59
1783834601635,1783834601635,0.0,4.15
1783834601635,1783834601635,0.0,1.12
1783834601635,1783834601635,0.0,5.89
1783834601635,1783834601635,0.0,5.62
1783834601635,1783834601635,0.0,7.42
1783834601635,1783834601635,0.0,1.18
1783834601635,1783834601635,0.0,-0.03
1783834601635,1783834601635,0.0,-0.02
1783834601635,1783834601635,0.0,-0.04
1783834601635,1783834601635,0.0,-0.01
1783834601635,1783834601635,0.0,-0.03
1783834601635,1783834601635,0.0,-0.02
1783834601635,1783834601635,0.0,-0.01
1783834601635,1783834601635,0.0,18.78
1783834601635,1783834601635,0.0,14.06
1783834601635,1783834601635,0.0,9.28
1783834601635,1783834601635,0.0,2.65
1783834601635,1783834601635,0.0,1.34
1783834601635,1783834601635,0.0,6.6
1783834601635,1783834601635,0.0,3.04
1783834601635,1783834601635,0.0,0.65
1783834601635,1783834601635,0.0,6.32
1783834601635,1783834601635,0.0,1.13
1783834601635,1783834601635,0.0,4.51
1783834601635,1783834601635,0.0,3.1
1783834601635,1783834601635,0.0,3.83
1783834601635,1783834601635,0.0,0.81
1783834601635,1783834601635,0.0,6.3
1783834601635,1783834601635,0.0,0.69
1783834601635,1783834601635,0.0,6.4
1783834601635,1783834601635,0.0,6.03
1783834601635,1783834601635,0.0,1.4
1783834601635,1783834601635,0.0,-0.01
1783834601635,1783834601635,0.0,-0.03
1783834601635,1783834601635,0.0,-0.02
1783834601635,1783834601635,0.0,-0.01
1783834601635,1783834601635,0.0,0.01
1783834601635,1783834601635,0.0,-0.02
1783834601635,1783834601635,0.0,10.51
1783834601635,1783834601635,0.0,0.2
1783834601635,1783834601635,0.0,7.44
1783834601635,1783834601635,0.0,11.28
1783834601635,1783834601635,0.0,2.61
1783834601635,1783834601635,0.0,2.91
1783834601635,1783834601635,0.0,1.68
1783834601635,1783834601635,0.0,5.42
1783834601635,1783834601635,0.0,0.64
1783834601635,1783834601635,0.0,6.69
1783834601635,1783834601635,0.0,0.64
1783834601635,1783834601635,0.0,6.17
1783834601635,1783834601635,0.0,5.85
1783834601635,1783834601635,0.0,5.7
1783834601635,1783834601635,0.0,6.1
1783834601635,1783834601635,0.0,0.02
1783834601635,1783834601635,0.0,-0.03
1783834601635,1783834601635,0.0,-0.02
1783834601635,1783834601635,0.0,-0.02
1783834601635,1783834601635,0.0,0.01
1783834601635,1783834601635,0.0,-0.03
1783834601635,1783834601635,0.0,-0.02
1783834601635,1783834601635,0.0,-0.02
1783834601635,1783834601635,0.0,-0.03
1783834601635,1783834601635,0.0,-0.03
1783834601635,1783834601635,0.0,-0.02
1783834601635,1783834601635,0.0,-0.01
1783834601635,1783834601635,0.0,-0.01
1783834601635,1783834601635,0.0,0.0
1783834601635,1783834601635,0.0,0.01
1783834614151,1783834614151,0.0,-0.04
1783834614151,1783834614151,0.0,-0.03
1783834614151,1783834614151,0.0,-0.01
1783834614151,1783834614151,0.0,0.0
1783834614151,1783834614151,0.0,0.0
1783834614151,1783834614151,0.0,-0.05
1783834614151,1783834614151,0.0,41.34
1783834614151,1783834614151,0.0,11.68
1783834614151,1783834614151,0.0,6.39
1783834614151,1783834614151,0.0,2.94
1783834614151,1783834614151,0.0,2.93
1783834614151,1783834614151,0.0,1.78
1783834614151,1783834614151,0.0,2.62
1783834614151,1783834614151,0.0,6.67
1783834614151,1783834614151,0.0,0.97
1783834614151,1783834614151,0.0,6.39
1783834614151,1783834614151,0.0,6.97
1783834614151,1783834614151,0.0,1.01
1783834614151,1783834614151,0.0,4.58
1783834614151,1783834614151,0.0,4.21
1783834614151,1783834614151,0.0,2.47
1783834614151,1783834614151,0.0,2.86
1783834614151,1783834614151,0.0,1.17
1783834614151,1783834614151,0.0,2.26
1783834614151,1783834614151,0.0,5.88
1783834614151,1783834614151,0.0,6.61
1783834614151,1783834614151,0.0,5.97
1783834614151,1783834614151,0.0,5.31
1783834614151,1783834614151,0.0,4.34
1783834614151,1783834614151,0.0,1.25
1783834614151,1783834614151,0.0,-0.02
1783834614151,1783834614151,0.0,-0.03
1783834614151,1783834614151,0.0,-0.01
1783834614151,1783834614151,0.0,-0.02
1783834614151,1783834614151,0.0,-0.02
1783834614151,1783834614151,0.0,-0.02
1783834614151,1783834614151,0.0,-0.05
1783834614151,1783834614151,0.0,-0.01
1783834614151,1783834614151,0.0,0.01
1783834614151,1783834614151,0.0,10.25
1783834614151,1783834614151,0.0,12.76
1783834614151,1783834614151,0.0,7.64
1783834614151,1783834614151,0.0,7.96
1783834614151,1783834614151,0.0,7.54
1783834614151,1783834614151,0.0,3.42
1783834614151,1783834614151,0.0,4.47
1783834614151,1783834614151,0.0,4.63
1783834614151,1783834614151,0.0,3.65
1783834614151,1783834614151,0.0,1.54
1783834614151,1783834614151,0.0,6.48
1783834614151,1783834614151,0.0,5.31
1783834614151,1783834614151,0.0,5.35
1783834614151,1783834614151,0.0,6.22
1783834614151,1783834614151,0.0,6.69
1783834614151,1783834614151,0.0,0.22
1783834614151,1783834614151,0.0,7.71
1783834614151,1783834614151,0.0,1.25
1783834614151,1783834614151,0.0,2.65
1783834614151,1783834614151,0.0,1.76
1783834614151,1783834614151,0.0,-0.04
1783834614151,1783834614151,0.0,-0.03
1783834614151,1783834614151,0.0,0.0
1783834614151,1783834614151,0.0,-0.02
1783834614151,1783834614151,0.0,-0.01
1783834614151,1783834614151,0.0,10.2
1783834614151,1783834614151,0.0,8.92
1783834614151,1783834614151,0.0,7.18
1783834614151,1783834614151,0.0,5.77
1783834614151,1783834614151,0.0,6.36
1783834614151,1783834614151,0.0,1.37
1783834614151,1783834614151,0.0,1.32
1783834614151,1783834614151,0.0,5.62
1783834614151,1783834614151,0.0,2.82
1783834614151,1783834614151,0.0,3.15
1783834614151,1783834614151,0.0,6.23
1783834614151,1783834614151,0.0,-0.02
1783834614151,1783834614151,0.0,0.0
1783834614151,1783834614151,0.0,4.98
1783834614151,1783834614151,0.0,8.53
1783834614151,1783834614151,0.0,7.23
1783834614151,1783834614151,0.0,8.08
1783834614151,1783834614151,0.0,6.1
1783834614151,1783834614151,0.0,5.57
1783834614151,1783834614151,0.0,5.69
1783834614151,1783834614151,0.0,6.48
1783834614151,1783834614151,0.0,0.45
1783834614151,1783834614151,0.0,5.37
1783834614151,1783834614151,0.0,1.13
1783834614151,1783834614151,0.0,5.39
1783834614151,1783834614151,0.0,5.42
1783834614151,1783834614151,0.0,4.63
1783834614151,1783834614151,0.0,5.64
1783834614151,1783834614151,0.0,5.83
1783834614151,1783834614151,0.0,4.62
1783834614151,1783834614151,0.0,5.87
1783834614151,1783834614151,0.0,2.09
1783834614151,1783834614151,0.0,0.71
1783834614151,1783834614151,0.0,5.83
1783834614151,1783834614151,0.0,4.52
1783834614151,1783834614151,0.0,5.95
1783834614151,1783834614151,0.0,5.55
1783834614151,1783834614151,0.0,1.91
1783834614151,1783834614151,0.0,-0.03
1783834614151,1783834614151,0.0,-0.01
1783834614151,1783834614151,0.0,-0.01
1783834614151,1783834614151,0.0,-0.02
1783834614151,1783834614151,0.0,4.65
1783834614151,1783834614151,0.0,8.52
1783834614151,1783834614151,0.0,2.2
1783834614151,1783834614151,0.0,1.6
1783834614151,1783834614151,0.0,8.45
1783834614151,1783834614151,0.0,5.63
1783834614151,1783834614151,0.0,6.37
1783834614151,1783834614151,0.0,0.77
1783834614151,1783834614151,0.0,4.07
1783834614151,1783834614151,0.0,4.14
1783834614151,1783834614151,0.0,5.23
1783834614151,1783834614151,0.0,1.4
1783834614151,1783834614151,0.0,5.11
1783834614151,1783834614151,0.0,4.76
1783834614151,1783834614151,0.0,1.55
1783834614151,1783834614151,0.0,0.86
1783834614151,1783834614151,0.0,6.33
1783834614151,1783834614151,0.0,0.34
1783834614151,1783834614151,0.0,5.44
1783834614151,1783834614151,0.0,5.27
1783834614151,1783834614151,0.0,3.49
1783834614151,1783834614151,0.0,1.21
1783834623861,1783834623861,0.0,-0.01
1783834623861,1783834623861,0.0,0.0
1783834623861,1783834623861,0.0,-0.01
1783834623861,1783834623861,0.0,14.15
1783834623861,1783834623861,0.0,5.42
1783834623861,1783834623861,0.0,7.54
1783834623861,1783834623861,0.0,5.93
1783834623861,1783834623861,0.0,2.39
1783834623861,1783834623861,0.0,1.02
1783834623861,1783834623861,0.0,4.31
1783834623861,1783834623861,0.0,6.06
1783834623861,1783834623861,0.0,6.46
1783834623861,1783834623861,0.0,3.66
1783834623861,1783834623861,0.0,0.76
1783834623861,1783834623861,0.0,5.23
1783834623861,1783834623861,0.0,0.78
1783834623861,1783834623861,0.0,6.33
1783834623861,1783834623861,0.0,7.07
1783834623861,1783834623861,0.0,0.56
1783834623861,1783834623861,0.0,1.6
1783834623861,1783834623861,0.0,2.38
1783834623861,1783834623861,0.0,-0.02
1783834623861,1783834623861,0.0,-0.04
1783834623861,1783834623861,0.0,-0.05
1783834623861,1783834623861,0.0,-0.04
1783834623861,1783834623861,0.0,13.46
1783834623861,1783834623861,0.0,4.8
1783834623861,1783834623861,0.0,0.91
1783834623861,1783834623861,0.0,1.44
1783834623861,1783834623861,0.0,4.08
1783834623861,1783834623861,0.0,5.65
1783834623861,1783834623861,0.0,0.75
1783834623861,1783834623861,0.0,5.13
1783834623861,1783834623861,0.0,7.04
1783834623861,1783834623861,0.0,3.08
1783834623861,1783834623861,0.0,5.7
1783834623861,1783834623861,0.0,2.32
1783834623861,1783834623861,0.0,5.54
1783834623861,1783834623861,0.0,5.52
1783834623861,1783834623861,0.0,0.82
1783834623861,1783834623861,0.0,-0.01
1783834623861,1783834623861,0.0,-0.02
1783834623861,1783834623861,0.0,-0.02
1783834623861,1783834623861,0.0,-0.01
1783834623861,1783834623861,0.0,-0.01
1783834623861,1783834623861,0.0,-0.02
1783834623861,1783834623861,0.0,11.2
1783834623861,1783834623861,0.0,11.94
1783834623861,1783834623861,0.0,5.88
1783834623861,1783834623861,0.0,8.62
1783834623861,1783834623861,0.0,1.45
1783834623861,1783834623861,0.0,5.8
1783834623861,1783834623861,0.0,7.48
1783834623861,1783834623861,0.0,1.28
1783834623861,1783834623861,0.0,5.42
1783834623861,1783834623861,0.0,5.59
1783834623861,1783834623861,0.0,3.13
1783834623861,1783834623861,0.0,1.32
1783834623861,1783834623861,0.0,6.19
1783834623861,1783834623861,0.0,-0.03
1783834623861,1783834623861,0.0,-0.03
1783834623861,1783834623861,0.0,-0.01
1783834623861,1783834623861,0.0,-0.02
1783834623861,1783834623861,0.0,-0.02
1783834623861,1783834623861,0.0,-0.04
1783834623861,1783834623861,0.0,17.92
1783834623861,1783834623861,0.0,11.39
1783834623861,1783834623861,0.0,3.3
1783834623861,1783834623861,0.0,1.67
1783834623861,1783834623861,0.0,5.64
1783834623861,1783834623861,0.0,5.9
1783834623861,1783834623861,0.0,1.22
1783834623861,1783834623861,0.0,5.76
1783834623861,1783834623861,0.0,2.01
1783834623861,1783834623861,0.0,0.76
1783834623861,1783834623861,0.0,0.73
1783834623861,1783834623861,0.0,5.4
1783834623861,1783834623861,0.0,0.06
1783834623861,1783834623861,0.0,-0.02
1783834623861,1783834623861,0.0,-0.02
1783834623861,1783834623861,0.0,-0.02
1783834623861,1783834623861,0.0,-0.02
1783834623861,1783834623861,0.0,-0.05
1783834623861,1783834623861,0.0,-0.03
1783834623861,1783834623861,0.0,-0.03
1783834623861,1783834623861,0.0,-0.03
1783834623861,1783834623861,0.0,-0.03
1783834623861,1783834623861,0.0,-0.04
1783834623861,1783834623861,0.0,-0.02
1783834623861,1783834623861,0.0,-0.01
1783834623861,1783834623861,0.0,21.78
1783834623861,1783834623861,0.0,8.95
1783834623861,1783834623861,0.0,10.23
1783834623861,1783834623861,0.0,6.64
1783834623861,1783834623861,0.0,7.19
1783834623861,1783834623861,0.0,3.28
1783834623861,1783834623861,0.0,0.66
1783834623861,1783834623861,0.0,4.38
1783834623861,1783834623861,0.0,2.81
1783834623861,1783834623861,0.0,5.95
1783834623861,1783834623861,0.0,-0.01
1783834623861,1783834623861,0.0,-0.04
1783834623861,1783834623861,0.0,-0.04
1783834623861,1783834623861,0.0,-0.03
1783834623861,1783834623861,0.0,-0.03
1783834623861,1783834623861,0.0,-0.02
1783834623861,1783834623861,0.0,-0.02
1783834623861,1783834623861,0.0,-0.03
1783834623861,1783834623861,0.0,-0.05
1783834623861,1783834623861,0.0,-0.02
1783834623861,1783834623861,0.0,22.69
1783834623861,1783834623861,0.0,17.59
1783834623861,1783834623861,0.0,13.15
1783834623861,1783834623861,0.0,11.2
1783834623861,1783834623861,0.0,6.11
1783834623861,1783834623861,0.0,3.1
1783834623861,1783834623861,0.0,7.51
1783834623861,1783834623861,0.0,6.14
1783834623861,1783834623861,0.0,5.77
1783834623861,1783834623861,0.0,4.14
1783834623861,1783834623861,0.0,-0.02
1783834623861,1783834623861,0.0,0.0
1783834623861,1783834623861,0.0,0.0
1783834623861,1783834623861,0.0,-0.01
1783834623861,1783834623861,0.0,-0.01
1783834623861,1783834623861,0.0,-0.02
1783834623861,1783834623861,0.0,-0.03
1783834623861,1783834623861,0.0,-0.03
1783834633289,1783834633289,0.0,-0.03
1783834633289,1783834633289,0.0,-0.01
1783834633289,1783834633289,0.0,0.0
1783834633289,1783834633289,0.0,0.0
1783834633289,1783834633289,0.0,-0.01
1783834633289,1783834633289,0.0,-0.04
1783834633289,1783834633289,0.0,33.7
1783834633289,1783834633289,0.0,18.12
1783834633289,1783834633289,0.0,12.13
1783834633289,1783834633289,0.0,3.5
1783834633289,1783834633289,0.0,6.68
1783834633289,1783834633289,0.0,4.52
1783834633289,1783834633289,0.0,1.38
1783834633289,1783834633289,0.0,6.95
1783834633289,1783834633289,0.0,2.18
1783834633289,1783834633289,0.0,3.08
1783834633289,1783834633289,0.0,5.91
1783834633289,1783834633289,0.0,-0.02
1783834633289,1783834633289,0.0,-0.04
1783834633289,1783834633289,0.0,-0.04
1783834633289,1783834633289,0.0,-0.03
1783834633289,1783834633289,0.0,0.0
1783834633289,1783834633289,0.0,-0.01
1783834633289,1783834633289,0.0,-0.01
1783834633289,1783834633289,0.0,20.25
1783834633289,1783834633289,0.0,12.67
1783834633289,1783834633289,0.0,9.96
1783834633289,1783834633289,0.0,2.58
1783834633289,1783834633289,0.0,1.87
1783834633289,1783834633289,0.0,6.36
1783834633289,1783834633289,0.0,6.79
1783834633289,1783834633289,0.0,4.27
1783834633289,1783834633289,0.0,5.89
1783834633289,1783834633289,0.0,3.39
1783834633289,1783834633289,0.0,0.0
1783834633289,1783834633289,0.0,-0.02
1783834633289,1783834633289,0.0,0.01
1783834633289,1783834633289,0.0,-0.02
1783834633289,1783834633289,0.0,-0.03
1783834633289,1783834633289,0.0,-0.02
1783834633289,1783834633289,0.0,-0.02
1783834633289,1783834633289,0.0,-0.02
1783834633289,1783834633289,0.0,0.01
1783834633289,1783834633289,0.0,22.94
1783834633289,1783834633289,0.0,15.81
1783834633289,1783834633289,0.0,11.47
1783834633289,1783834633289,0.0,3.8
1783834633289,1783834633289,0.0,1.1
1783834633289,1783834633289,0.0,1.75
1783834633289,1783834633289,0.0,6.19
1783834633289,1783834633289,0.0,5.38
1783834633289,1783834633289,0.0,3.93
1783834633289,1783834633289,0.0,1.86
1783834633289,1783834633289,0.0,0.01
1783834633289,1783834633289,0.0,-0.02
1783834633289,1783834633289,0.0,0.0
1783834633289,1783834633289,0.0,-0.03
1783834633289,1783834633289,0.0,0.0
1783834633289,1783834633289,0.0,-0.05
1783834633289,1783834633289,0.0,-0.01
1783834633289,1783834633289,0.0,-0.02
1783834633289,1783834633289,0.0,-0.04
1783834633289,1783834633289,0.0,-0.01
1783834633289,1783834633289,0.0,-0.03
1783834633289,1783834633289,0.0,21.24
1783834633289,1783834633289,0.0,15.2
1783834633289,1783834633289,0.0,6.56
1783834633289,1783834633289,0.0,7.87
1783834633289,1783834633289,0.0,7.25
1783834633289,1783834633289,0.0,1.53
1783834633289,1783834633289,0.0,2.81
1783834633289,1783834633289,0.0,0.83
1783834633289,1783834633289,0.0,5.3
1783834633289,1783834633289,0.0,0.0
1783834633289,1783834633289,0.0,-0.01
1783834633289,1783834633289,0.0,-0.06
1783834633289,1783834633289,0.0,0.0
1783834633289,1783834633289,0.0,-0.02
1783834633289,1783834633289,0.0,0.0
1783834633289,1783834633289,0.0,-0.04
1783834633289,1783834633289,0.0,-0.03
1783834633289,1783834633289,0.0,-0.01
1783834633289,1783834633289,0.0,19.48
1783834633289,1783834633289,0.0,11.52
1783834633289,1783834633289,0.0,9.7
1783834633289,1783834633289,0.0,6.48
1783834633289,1783834633289,0.0,9.0
1783834633289,1783834633289,0.0,8.44
1783834633289,1783834633289,0.0,4.79
1783834633289,1783834633289,0.0,6.28
1783834633289,1783834633289,0.0,7.5
1783834633289,1783834633289,0.0,0.94
1783834633289,1783834633289,0.0,3.2
1783834633289,1783834633289,0.0,-0.03
1783834633289,1783834633289,0.0,-0.02
1783834633289,1783834633289,0.0,-0.02
1783834633289,1783834633289,0.0,-0.03
1783834633289,1783834633289,0.0,-0.01
1783834633289,1783834633289,0.0,0.0
1783834633289,1783834633289,0.0,-0.02
1783834633289,1783834633289,0.0,-0.02
1783834633289,1783834633289,0.0,-0.02
1783834633289,1783834633289,0.0,-0.02
1783834633289,1783834633289,0.0,19.11
1783834633289,1783834633289,0.0,5.58
1783834633289,1783834633289,0.0,9.31
1783834633289,1783834633289,0.0,8.14
1783834633289,1783834633289,0.0,2.29
1783834633289,1783834633289,0.0,2.12
1783834633289,1783834633289,0.0,6.39
1783834633289,1783834633289,0.0,5.79
1783834633289,1783834633289,0.0,-0.03
1783834633289,1783834633289,0.0,-0.01
1783834633289,1783834633289,0.0,-0.01
1783834633289,1783834633289,0.0,0.0
1783834633289,1783834633289,0.0,-0.01
1783834633289,1783834633289,0.0,-0.02
1783834633289,1783834633289,0.0,-0.02
1783834633289,1783834633289,0.0,-0.05
1783834633289,1783834633289,0.0,-0.01
1783834633289,1783834633289,0.0,0.0
1783834633289,1783834633289,0.0,20.18
1783834633289,1783834633289,0.0,8.0
1783834633289,1783834633289,0.0,5.52
1783834633289,1783834633289,0.0,9.78
1783834633289,1783834633289,0.0,7.9
1783834633289,1783834633289,0.0,8.28
1783834633289,1783834633289,0.0,2.86
1783834642763,1783834642763,0.0,5.58
1783834642763,1783834642763,0.0,6.27
1783834642763,1783834642763,0.0,6.27
1783834642763,1783834642763,0.0,-0.02
1783834642763,1783834642763,0.0,-0.01
1783834642763,1783834642763,0.0,-0.02
1783834642763,1783834642763,0.0,0.0
1783834642763,1783834642763,0.0,0.0
1783834642763,1783834642763,0.0,-0.01
1783834642763,1783834642763,0.0,-0.01
1783834642763,1783834642763,0.0,-0.01
1783834642763,1783834642763,0.0,14.93
1783834642763,1783834642763,0.0,10.9
1783834642763,1783834642763,0.0,4.65
1783834642763,1783834642763,0.0,1.98
1783834642763,1783834642763,0.0,6.29
1783834642763,1783834642763,0.0,6.78
1783834642763,1783834642763,0.0,5.68
1783834642763,1783834642763,0.0,5.16
1783834642763,1783834642763,0.0,0.61
1783834642763,1783834642763,0.0,5.76
1783834642763,1783834642763,0.0,3.95
1783834642763,1783834642763,0.0,2.07
1783834642763,1783834642763,0.0,0.0
1783834642763,1783834642763,0.0,-0.02
1783834642763,1783834642763,0.0,-0.02
1783834642763,1783834642763,0.0,-0.03
1783834642763,1783834642763,0.0,-0.01
1783834642763,1783834642763,0.0,-0.01
1783834642763,1783834642763,0.0,-0.02
1783834642763,1783834642763,0.0,11.25
1783834642763,1783834642763,0.0,6.01
1783834642763,1783834642763,0.0,7.79
1783834642763,1783834642763,0.0,7.83
1783834642763,1783834642763,0.0,7.24
1783834642763,1783834642763,0.0,2.59
1783834642763,1783834642763,0.0,4.61
1783834642763,1783834642763,0.0,5.39
1783834642763,1783834642763,0.0,2.47
1783834642763,1783834642763,0.0,1.41
1783834642763,1783834642763,0.0,6.47
1783834642763,1783834642763,0.0,6.19
1783834642763,1783834642763,0.0,5.89
1783834642763,1783834642763,0.0,3.17
1783834642763,1783834642763,0.0,-0.01
1783834642763,1783834642763,0.0,-0.02
1783834642763,1783834642763,0.0,-0.03
1783834642763,1783834642763,0.0,-0.03
1783834642763,1783834642763,0.0,-0.02
1783834642763,1783834642763,0.0,-0.04
1783834642763,1783834642763,0.0,-0.02
1783834642763,1783834642763,0.0,-0.01
1783834642763,1783834642763,0.0,-0.01
1783834642763,1783834642763,0.0,0.01
1783834642763,1783834642763,0.0,22.05
1783834642763,1783834642763,0.0,6.84
1783834642763,1783834642763,0.0,9.27
1783834642763,1783834642763,0.0,3.1
1783834642763,1783834642763,0.0,2.43
1783834642763,1783834642763,0.0,1.8
1783834642763,1783834642763,0.0,6.98
1783834642763,1783834642763,0.0,1.29
1783834642763,1783834642763,0.0,5.52
1783834642763,1783834642763,0.0,2.32
1783834642763,1783834642763,0.0,6.25
1783834642763,1783834642763,0.0,2.1
1783834642763,1783834642763,0.0,-0.01
1783834642763,1783834642763,0.0,-0.03
1783834642763,1783834642763,0.0,-0.05
1783834642763,1783834642763,0.0,-0.04
1783834642763,1783834642763,0.0,0.0
1783834642763,1783834642763,0.0,-0.05
1783834642763,1783834642763,0.0,-0.06
1783834642763,1783834642763,0.0,-0.05
1783834642763,1783834642763,0.0,-0.03
1783834642763,1783834642763,0.0,-0.01
1783834642763,1783834642763,0.0,-0.02
1783834642763,1783834642763,0.0,22.29
1783834642763,1783834642763,0.0,9.52
1783834642763,1783834642763,0.0,12.8
1783834642763,1783834642763,0.0,5.19
1783834642763,1783834642763,0.0,2.8
1783834642763,1783834642763,0.0,6.51
1783834642763,1783834642763,0.0,4.72
1783834642763,1783834642763,0.0,6.4
1783834642763,1783834642763,0.0,6.98
1783834642763,1783834642763,0.0,1.13
1783834642763,1783834642763,0.0,5.7
1783834642763,1783834642763,0.0,5.26
1783834642763,1783834642763,0.0,5.31
1783834642763,1783834642763,0.0,1.85
1783834642763,1783834642763,0.0,0.0
1783834642763,1783834642763,0.0,-0.01
1783834642763,1783834642763,0.0,-0.03
1783834642763,1783834642763,0.0,-0.02
1783834642763,1783834642763,0.0,-0.05
1783834642763,1783834642763,0.0,-0.01
1783834642763,1783834642763,0.0,13.24
1783834642763,1783834642763,0.0,6.16
1783834642763,1783834642763,0.0,9.55
1783834642763,1783834642763,0.0,8.88
1783834642763,1783834642763,0.0,4.73
1783834642763,1783834642763,0.0,6.19
1783834642763,1783834642763,0.0,0.72
1783834642763,1783834642763,0.0,7.19
1783834642763,1783834642763,0.0,1.56
1783834642763,1783834642763,0.0,5.01
1783834642763,1783834642763,0.0,3.09
1783834642763,1783834642763,0.0,5.63
1783834642763,1783834642763,0.0,5.5
1783834642763,1783834642763,0.0,1.13
1783834642763,1783834642763,0.0,3.29
1783834642763,1783834642763,0.0,0.6
1783834642763,1783834642763,0.0,5.63
1783834642763,1783834642763,0.0,6.19
1783834642763,1783834642763,0.0,1.58
1783834642763,1783834642763,0.0,-0.02
1783834642763,1783834642763,0.0,-0.01
1783834642763,1783834642763,0.0,-0.02
1783834642763,1783834642763,0.0,-0.03
1783834642763,1783834642763,0.0,-0.01
1783834642763,1783834642763,0.0,12.56
1783834642763,1783834642763,0.0,6.28
1783834642763,1783834642763,0.0,10.51
1783834642763,1783834642763,0.0,4.24
1783834642763,1783834642763,0.0,5.21
1783834642763,1783834642763,0.0,6.91
1783834642763,1783834642763,0.0,1.19
